ERD_ERS_Beta_C4,ERD_ERS_Beta_C3,ERD_ERS_Beta_Cz,ERD_ERS_Mu_C4,ERD_ERS_Mu_C3,ERD_ERS_Mu_Cz,Label
0.0,0.0,0.0,0.0,0.0,0.0,0
-16.030243656911342,-3.12795956854122,-1.8882577383624728,-28.83326940814432,-27.257622632277386,-21.82778727705855,1
0.9726363651132066,10.390813552150377,8.20391950116823,-32.65355561180931,-30.25335652906953,-22.11600579229866,2
0.0,0.0,0.0,0.0,0.0,0.0,0
10.157041372959307,6.893351854086884,17.918153290577383,23.432289655312445,5.242378806544597,31.02721944101326,1
18.601347797855126,17.311223495478433,19.256390448306785,27.82911671151477,-12.117135925873924,14.572049417281638,2
0.0,0.0,0.0,0.0,0.0,0.0,0
4.522887930494957,11.563461593652596,-1.1848581563911074,-8.437832569608283,-1.2653703160375265,-7.966217321694777,1
-9.183214061089034,-10.94237199735212,-6.957046957312721,34.14131333532759,42.38725491259144,53.34377422043971,2
0.0,0.0,0.0,0.0,0.0,0.0,0
-12.510117264853186,5.783675524419874,-5.897411373250181,-7.181118433921483,15.141071323357432,1.2807053069799117,1
-4.555720156155421,-2.694309909266131,-8.306083575195958,-37.77251058391546,0.3489186388251679,-24.30587332401604,2
0.0,0.0,0.0,0.0,0.0,0.0,0
-0.5547653812536117,-15.846878151727555,-4.228230701867424,-27.11674925669788,-17.903251338018098,-26.455791249454112,1
15.686187890796562,-2.5000119928802143,13.942270554613843,23.24435045325511,6.296465853190971,2.360544778203094,2
0.0,0.0,0.0,0.0,0.0,0.0,0
10.787473167968631,13.62735540277379,9.626014445508211,38.1816532350235,71.83283811380254,52.66714634299036,1
-7.502239601659077,-9.300219304504472,-12.349576314740265,7.878142678225508,32.05386504771926,16.267043571187724,2
0.0,0.0,0.0,0.0,0.0,0.0,0
-5.302420055214301,-21.16469035398364,-24.27626990928698,-28.185498737786546,-34.002270856645175,-32.0038189255401,1
34.02523034949914,4.138301980484253,16.397656160332975,43.75037296289121,-28.970008510613983,30.26157131491647,2
0.0,0.0,0.0,0.0,0.0,0.0,0
1.1596377880198006,-14.39751206347562,-1.2791234413004966,-20.67150585925293,31.97707229780815,21.991332901885343,1
6.627935275168503,-15.762812783754438,1.196501754665925,62.3461250944986,17.525451865967632,42.05723842928551,2
0.0,0.0,0.0,0.0,0.0,0.0,0
-11.05980185517084,-16.66833504893102,-14.08556948148614,10.98772850644498,-25.950688408988555,-3.496264266438698,1
10.732031295539382,82.92826120000157,-11.514918915798264,-11.445018624884682,8.828143820215352,27.52161556880403,2
0.0,0.0,0.0,0.0,0.0,0.0,0
-10.088539042203845,0.0569134020470697,-4.7923302116697055,-2.4200304551512826,0.3346237618882515,-11.759855259173978,1
-11.748031828641569,-4.012997165456338,1.2648751134975351,13.062628687949848,17.077789406006413,11.216546673783814,2
0.0,0.0,0.0,0.0,0.0,0.0,0
-0.8199513995635788,-17.236088536557986,-15.524844324654849,25.20125653820088,23.763608567034947,44.7067953793271,1
4.022938378659605,-12.579587763986048,-2.617387612296876,-26.6998456219234,-14.086100543964708,-14.56484229541792,2
0.0,0.0,0.0,0.0,0.0,0.0,0
-17.201352846308417,-21.624476149959,-19.7974873595267,-14.865192879210207,-7.290082067016764,-14.312860317716844,1
-2.5508847144916578,-2.169356234936976,-7.244408292488437,17.56841271874118,30.415746107449205,30.76605443570408,2
0.0,0.0,0.0,0.0,0.0,0.0,0
-19.976420931321247,-21.232643798849303,-21.7687947404294,7.576235033866947,16.4675200440698,28.947505287062743,1
-11.937003164585056,-24.207317350856805,-20.561845277984727,15.146601488349074,20.798400147375467,14.190398790657447,2
0.0,0.0,0.0,0.0,0.0,0.0,0
-9.283675073597992,4.63870897757931,-1.4557867479860351,41.13577146301006,56.98834006794398,61.35387225919845,1
7.303145569508129,-1.6408350068618134,9.782983009571844,11.596458773854708,27.203254495442163,26.201136238893973,2
0.0,0.0,0.0,0.0,0.0,0.0,0
-15.88013240279993,-23.662159564544947,-34.84929391340934,7.532585132255849,7.848628875228618,12.796742517736842,1
2.4416877699819444,-3.97268660045368,-17.69977615025112,78.9362796933193,101.20618052228748,99.63452571233098,2
0.0,0.0,0.0,0.0,0.0,0.0,0
-12.153246739975389,-9.931258818454438,-12.588586809014323,-26.50568568802488,-15.360578316654989,-33.50260783709381,1
-6.379567280544306,-24.59639411682539,-15.032388847176591,13.779674747045412,10.079946088670164,-3.368543767495598,2
0.0,0.0,0.0,0.0,0.0,0.0,0
-8.793859756985745,-11.412038278914585,-20.63612948085477,-18.251679694167265,-32.794233988525896,-21.55541150575661,1
-20.871396003878047,-21.290187404734187,-26.21433789134573,-14.475293404630794,-35.029444526174814,-18.884788550179422,2
0.0,0.0,0.0,0.0,0.0,0.0,0
-6.9981571279511945,-13.71717984426948,-0.8329602542093948,-18.8758901538696,-24.583998317590552,-17.34530668120851,1
-11.152004369199323,-23.93499829347813,-19.595222680550403,-17.337783839751644,-33.3847570888093,-22.522094900915373,2
0.0,0.0,0.0,0.0,0.0,0.0,0
-10.74302733429159,-23.53125736033753,-10.267181451347716,-14.795234872371438,-10.536243909482794,-21.118102857283464,1
-27.94767609576819,-29.44377594482669,-24.318673980107576,-0.1642881907523218,0.9103553334076484,-14.510978539601544,2
0.0,0.0,0.0,0.0,0.0,0.0,0
-2.834938245814468,-8.596366304682736,-3.813479088002516,-3.2566459865470394,9.677242860647562,6.632939474053394,1
-15.999529109823404,-10.861268421571689,-14.466129539061724,5.935383572322924,47.22402976444423,24.438793840009087,2
0.0,0.0,0.0,0.0,0.0,0.0,0
-27.920436701996906,-29.636074870076577,-26.094291201698727,-49.65345746961419,-34.40215141468513,-40.50661956065423,1
-20.610982846948605,-6.1486189260970425,-0.9122767584988176,-39.585274034692894,-17.625599132878015,-33.11698555658058,2
0.0,0.0,0.0,0.0,0.0,0.0,0
16.4059542648702,15.253790704074232,10.341153055959186,-12.766162718886603,-3.6382878335672753,14.307170723433446,1
-17.215423903472413,-6.362263883746213,-10.00063883181279,-23.895881267881524,-18.48256507303085,-21.19332343512179,2
0.0,0.0,0.0,0.0,0.0,0.0,0
-20.78473421286621,-21.4152106911604,-19.14423077517714,-16.596342713529896,-5.297206492833596,-14.329033737166233,1
0.6925218477214812,10.792830802650238,-0.7387413701597205,-15.60278839975266,-22.16312063168161,-16.68373036245007,2
0.0,0.0,0.0,0.0,0.0,0.0,0
-0.2979280726938711,-4.15544182094104,4.435054277522921,-36.1318275956666,-14.336173744079424,-29.84591379157963,1
29.415185959088607,11.654966386956769,23.43562888382896,-7.260569644441606,8.84807254095055,13.967638937892382,2
0.0,0.0,0.0,0.0,0.0,0.0,0
-35.6645636674901,-29.89466168689277,-23.742984303180503,-61.68819621813441,-55.33118825463608,-52.02944274319577,1
-21.18785221040202,-20.586213688584703,-9.11663619967347,-57.59346055510062,-64.47573124772083,-59.1722705742875,2
0.0,0.0,0.0,0.0,0.0,0.0,0
-0.5488054802599838,-10.101681174023422,15.17109812359033,-3.508594927675142,-17.72869834877558,5.041398152504211,1
-27.16854144645212,-28.16346446735547,-25.57305486538838,-28.970774833981388,-61.1188828527508,-43.67600545355813,2
0.0,0.0,0.0,0.0,0.0,0.0,0
-29.81599661495681,-8.401792493313096,-10.283411595421132,-56.686232393055626,-50.69688647315439,-51.31464607921978,1
-30.027366509028635,-32.24432068376552,-23.64760411770203,-64.11638468079053,-58.54564024604583,-63.65362780862627,2
0.0,0.0,0.0,0.0,0.0,0.0,0
0.2690610958111959,5.240586481070591,7.5877888141418115,13.565628974898171,17.122534011011844,18.79628877478953,1
0.4978904096477883,-2.7403131491722044,-0.9730783937638224,-19.13640173399063,-21.7189294244225,-25.03123573796358,2
0.0,0.0,0.0,0.0,0.0,0.0,0
1.563078328754059,5.737279451500333,7.167048955890384,-15.666105532619088,0.867445645872004,-6.699071125730269,1
8.405648978188152,6.909989150466399,9.336846975525216,-12.558053623455178,-8.106679071599702,-10.69198886667145,2
0.0,0.0,0.0,0.0,0.0,0.0,0
-24.91719600368187,-15.349831086824658,-18.515713811837752,28.34232858208192,22.73810332575738,21.676131324396085,1
-31.42953208296569,-33.20101579418851,-32.27762368544445,-30.322848841405936,-30.64972669637211,-34.70148939680637,2
0.0,0.0,0.0,0.0,0.0,0.0,0
2.910799477068504,9.867325526624416,16.532141206269856,24.998897929879075,2.3333866946957995,10.056478812247818,1
-6.81777249409077,-10.234302213612516,-6.9682266902356185,6.4629839371332345,-42.93237248302233,-7.102448466808334,2
0.0,0.0,0.0,0.0,0.0,0.0,0
-16.192067948736273,-17.749811089835493,-3.156010437955461,-32.03908025061975,-9.987011676096536,-16.97005708349527,1
-4.990519067296375,-23.80285113712717,-10.320916434313585,14.734929467399695,38.78842129637762,54.35014476667772,2
0.0,0.0,0.0,0.0,0.0,0.0,0
-0.0957941415449332,-9.14333699946507,-5.003391097032262,-11.529378510030549,8.121403331691617,-11.659472044454654,1
5.339218544038792,-6.8685774781322815,-1.443673312338916,5.109312934949483,2.595075673516849,-4.269052788175119,2
0.0,0.0,0.0,0.0,0.0,0.0,0
-3.441229882018088,-9.77724943952674,-6.439007061818527,-29.08182934165313,59.57604136025115,36.40937244990074,1
15.41201018086046,9.209859273367892,-0.2638785476455357,-15.841522845936796,39.05938771274792,17.294133277641134,2
0.0,0.0,0.0,0.0,0.0,0.0,0
-20.011749145109384,-1.712235949274889,2.761000429509884,11.657017816799806,20.733874941848526,4.515992110902505,1
-20.599147398590496,0.4220902931217348,5.433262732380928,-9.542173865457812,35.07302696696408,30.121037987206066,2
0.0,0.0,0.0,0.0,0.0,0.0,0
-2.839547399005069,18.63028007848739,20.44892133085935,-12.452310254031,-3.2156890685913884,23.570672593954374,1
-9.167240601489087,5.3253742500851695,3.100946470899381,-0.2390063487495347,9.31520216602702,7.191959605989711,2
0.0,0.0,0.0,0.0,0.0,0.0,0
-1.391686011417426,-2.629654432096189,-6.129791627796003,-0.87635924287407,8.26629061549578,-2.767084755847306,1
13.24321447158829,8.790076855368984,5.152294736191157,10.184238207346285,6.611916020782975,-1.750655349634452,2
0.0,0.0,0.0,0.0,0.0,0.0,0
-0.378951098590857,-2.566317879350246,-6.408199238244035,-0.6479467906461773,10.127724440627471,3.2782330596474423,1
3.4919876942224737,-10.57836208785118,-6.679481492909253,15.185576887508637,0.7781469792473055,3.990971537616751,2
0.0,0.0,0.0,0.0,0.0,0.0,0
-26.67362322339483,-28.028377713729093,-29.079599522236578,-4.296873010626257,-1.577018766409351,2.0271050437871927,1
-24.204781307927416,-14.67828737845175,-25.1479310598292,-27.77118942136995,1.5424961608686054,-16.71734859808949,2
0.0,0.0,0.0,0.0,0.0,0.0,0
-11.990687030514737,-25.08169943634219,-21.31897687602184,9.993819527898305,0.481619931573083,-6.30875696708925,1
-1.5018047555186045,-5.144432960978064,-6.847101067986255,14.380329376062218,-9.251577048536284,-5.239590486179412,2
0.0,0.0,0.0,0.0,0.0,0.0,0
-16.394358482857214,-5.885485866686012,-17.867491769947154,-10.017665923861635,1.9355430178067896,-1.5904875435496897,1
-1.2591553563798938,-6.472934295046998,-7.319711876181116,7.872208680209219,-1.932028548882412,10.51520105530772,2
0.0,0.0,0.0,0.0,0.0,0.0,0
-18.206026061467423,17.1125652684929,-5.64405368483487,-11.154596832086906,-7.971668828200089,-6.402228547962512,1
0.495015140896606,-0.3775700830088032,-0.358261142908038,1.0687633770168936,-15.75661555742711,-4.113432912814372,2
0.0,0.0,0.0,0.0,0.0,0.0,0
-16.99596759343064,-4.928542072961617,-20.82541636255761,-20.71466666320881,-29.94919892472477,-25.46545624836043,1
-28.983939523734765,-27.04121391446533,-33.395632722256494,-56.24105638088288,-65.10972206788546,-64.15383041510646,2
0.0,0.0,0.0,0.0,0.0,0.0,0
3.795963194434454,11.049311200984327,21.847681948415925,16.788398847089923,-16.40112168248559,-8.05631602026946,1
-1.097028689722287,-11.780144201450472,-6.61183407324767,17.430433189971264,11.166088604423337,17.458878398518642,2
0.0,0.0,0.0,0.0,0.0,0.0,0
2.156288115263457,19.27946708670657,5.069677746663516,47.86674516925465,59.02426990110874,61.511842428299786,1
-26.03630599862078,-25.97716994395211,-24.236132799593392,-40.67576753878316,-30.41541882012361,-32.873085410905325,2
0.0,0.0,0.0,0.0,0.0,0.0,0
4.968659481715376,9.342216920497323,6.483931900466804,26.44082295336576,18.644998869483985,27.04133335980369,1
7.836861110636619,12.319882655521376,11.243878437682756,44.24216941446476,64.79478169079069,60.18529306624183,2
0.0,0.0,0.0,0.0,0.0,0.0,0
-15.173558467972374,-17.453372178409758,-14.685542295302012,-16.751965043108154,-27.558120499559774,-16.39060734223202,1
5.112163172867689,2.1921662689748467,10.936491891696894,29.53512644834655,33.34453474519125,50.90180759175886,2
0.0,0.0,0.0,0.0,0.0,0.0,0
6.085897469930498,-7.944514879242015,-2.806710597948766,-8.192906955052521,-9.774278580980264,-8.776891177364828,1
12.466949765969902,6.257725125323647,12.529512053508435,-9.463468089741635,-21.75727126405181,-2.8786672373052618,2
0.0,0.0,0.0,0.0,0.0,0.0,0
-28.347912134691768,-24.23114322557296,-31.62335748257806,-5.440193786059826,11.173822786242525,-0.3639125677165715,1
-28.34786369389446,-20.385191818470457,-28.98100538115688,3.65642083138632,18.48233073279481,3.541234265319746,2
0.0,0.0,0.0,0.0,0.0,0.0,0
-14.88422328371985,-10.044805353608592,-4.824810083417498,-10.278473276535024,7.730344998869246,-7.322144773984839,1
3.587913734707997,2.4271301723847354,7.13317134400117,44.05545376239982,11.344776123519347,5.158546223630768,2
0.0,0.0,0.0,0.0,0.0,0.0,0
-28.36549169510028,-21.103126447147407,-25.43414122859401,9.866140185969869,29.142149085371017,36.1725080009462,1
-15.29378808793352,-15.585383500532432,-12.259387623597172,-20.224589945425144,-29.879154423979102,-31.69565153761314,2
0.0,0.0,0.0,0.0,0.0,0.0,0
-41.70223349704912,-24.2510723377944,-35.53132215372278,20.633261313020927,56.60102993529581,51.72678103569544,1
-44.46002051653776,-34.23346516120798,-41.22361721640628,-31.34264559222093,-9.830852723644018,-21.134077875411705,2
0.0,0.0,0.0,0.0,0.0,0.0,0
-9.076994378662054,-7.863442173443732,-4.542217780713419,-12.434530000835062,4.003911653087051,0.9738540528212996,1
-8.647032654312635,-19.53903558088245,-15.25167116146277,-28.971254238401027,-29.11038940564003,-16.409340504389224,2
0.0,0.0,0.0,0.0,0.0,0.0,0
-17.283468546203967,-23.43135226877357,-23.255539686658903,-13.456457093394796,-13.339735407972784,-15.478930605459936,1
-18.69100771558761,-20.45636722684783,-27.340723763234365,-19.54236242534405,-40.24387334108441,-27.136372519462327,2
0.0,0.0,0.0,0.0,0.0,0.0,0
-2.7175295880222143,6.241273426254827,-5.123464800777856,-44.13231380556479,-35.035815700205895,-52.01368788395576,1
-2.1047453461051515,-21.07152300714373,-28.505880436889274,-37.05400307466082,-29.543209143012948,-40.586923374121575,2
0.0,0.0,0.0,0.0,0.0,0.0,0
-4.300343850292156,11.242891464931992,-4.058166334399516,-28.53524575912802,-7.235583336576244,-31.002255363304894,1
-16.733553479441778,-21.780641882767192,-26.46430388180364,-5.030396884767344,-16.31360115563613,-10.608364469606949,2
0.0,0.0,0.0,0.0,0.0,0.0,0
-13.64504997001672,-23.10444939996821,-26.87552804921662,-38.16098033363885,-37.85246661113983,-40.0995196579674,1
-0.9530116364700024,-20.155450325404985,-21.09230127156819,-23.49384737690897,-25.871938291833267,-33.897139106125934,2
0.0,0.0,0.0,0.0,0.0,0.0,0
-28.662891807687124,-16.77486223967686,-25.88293414486737,-10.197857622539493,-2.070571840371992,-10.000118848459708,1
-10.555516514411806,-11.54021833475183,-14.958629667465528,-12.725468517488324,-8.847276672337156,-8.276594824163688,2
0.0,0.0,0.0,0.0,0.0,0.0,0
-13.638847601687845,-17.055414889720694,-13.027538901953791,-37.58593904282345,-24.509996624491333,-30.257429578826127,1
-3.948193712749274,-0.2673155748101553,2.5674103402767723,-20.984134999702327,-17.721493070703602,-20.60350869768596,2
0.0,0.0,0.0,0.0,0.0,0.0,0
11.010967107981791,3.313084957694324,13.324147437170952,-14.163436741594898,-28.90370269093654,-21.85499421003054,1
-6.314957156231772,0.9525561830020792,-2.410465744810305,27.970078047347684,2.63473895995252,16.503023737972796,2
0.0,0.0,0.0,0.0,0.0,0.0,0
-24.85940849150364,-16.726032466728142,-11.999571093505986,-1.1521627827614482,23.30079867782862,9.567303509104695,1
-17.77668289290112,-29.094863776653884,-20.420488169541056,9.034372213056036,13.412506982983333,9.152432153319165,2
0.0,0.0,0.0,0.0,0.0,0.0,0
11.275469141772602,5.526682982138854,16.617299986308627,2.5419890223681927,22.471507237259114,9.526858786026132,1
1.1079604466695492,-13.334088261044844,5.941037222563216,11.748271238702465,-4.132459975510702,5.690387344894638,2
0.0,0.0,0.0,0.0,0.0,0.0,0
-8.357060985721308,8.918671808524559,5.442491509261965,-9.310959176995883,28.396630474581062,28.23972825699812,1
-8.578575265178417,4.927985411719563,-4.505998054027739,8.743199910320293,9.106993834989808,11.32454449905292,2
0.0,0.0,0.0,0.0,0.0,0.0,0
-10.01669794058005,-12.62638982629779,-18.085774130409625,16.383509754858892,90.4068089675918,33.66443139169247,1
13.125436337289884,32.048696461564134,-16.369947546085747,41.62474317639217,55.94011615648778,52.03860291084683,2
0.0,0.0,0.0,0.0,0.0,0.0,0
-3.367869012234793,16.023424310494633,12.685803302668456,15.024851418661353,18.662878805805228,-7.217356092666007,1
35.416723192990524,5.767717985431179,22.69112143340229,13.799953437369458,-30.52039458274968,-17.860790735795188,2
0.0,0.0,0.0,0.0,0.0,0.0,0
19.69706655124989,9.922176212706724,24.28530971920055,-5.509886275761635,14.96279960758265,5.958350681453493,1
6.706964807626179,12.255517160522446,6.311220649894136,12.3516738997908,-17.28768958830198,5.267064087980904,2
0.0,0.0,0.0,0.0,0.0,0.0,0
-32.02976642281528,-19.81488012605997,-25.83656051066213,-16.268662949078045,-28.431283029259607,-6.375774149090624,1
-24.047499454390177,-28.25517249362231,-31.383665518242,-14.584931771960091,-8.358584619940569,-12.248968448538267,2
0.0,0.0,0.0,0.0,0.0,0.0,0
7.441980333454704,28.228031146554187,11.613330921850276,19.604833966883664,-2.0234958907585634,6.19810247938282,1
-24.08133520795947,-9.94157783037405,-10.76752915434813,11.830219023153518,-18.29481245791608,5.321387791125353,2
0.0,0.0,0.0,0.0,0.0,0.0,0
-9.268322554831828,-16.01351649472039,-15.223975351048374,-4.9898071322204895,32.70599298223667,26.711047291728583,1
-37.07280438903605,-29.403055129028704,-38.158733630424656,6.393909056988267,14.345116566628006,23.853484386932564,2
0.0,0.0,0.0,0.0,0.0,0.0,0
-28.72667118412541,-27.52503481861331,-24.62656419524484,-25.515057035554435,-20.66589840229128,-18.46070088868173,1
-7.033298997050479,-25.222302513563005,-22.335923880152613,-8.348525911838937,-37.7812663617711,-25.295118630879937,2
0.0,0.0,0.0,0.0,0.0,0.0,0
2.3123384065154915,2.6531728585178485,2.796006508816317,-21.256337104245667,3.920663856139001,0.9517318367626684,1
5.631216857736167,-6.77219489651749,4.423918849564167,-19.69715763672356,-16.438699198431422,-11.41733411217296,2
0.0,0.0,0.0,0.0,0.0,0.0,0
-17.040391597987774,-4.030464548860866,-2.7003845977586463,-9.719274354170455,-6.579313596416365,-5.36145871542118,1
-13.045229030091326,-15.788593893427908,-14.855901138993366,-28.38401681238039,-32.121627095972045,-30.069388006909392,2
0.0,0.0,0.0,0.0,0.0,0.0,0
11.826778857701356,12.2950467401548,16.619831887530186,-3.0535824271186134,-26.10634051899628,-15.111959287061351,1
3.959772574843944,-18.20153357136356,-7.291850356061791,33.30837487154398,6.912849198688502,16.60825029320623,2
0.0,0.0,0.0,0.0,0.0,0.0,0
19.379548853770952,19.00983092741876,12.31059110237107,-2.1283230035612712,18.33259049941196,-0.8480585146601587,1
24.72585360320913,10.68200606965367,15.515277485287292,-7.881588629582693,-22.423703642575614,1.104094055784451,2
0.0,0.0,0.0,0.0,0.0,0.0,0
-10.03527952950462,-0.4960980339158378,-7.668593029639126,-1.8721610527953407,-0.044930310373407,-5.709888753282043,1
24.53786484799272,4.942247330675265,13.431413622026785,15.20764114874198,-0.2568643811743548,-0.3583239355682092,2
0.0,0.0,0.0,0.0,0.0,0.0,0
-19.78951196951714,-26.104344352079835,-15.300028205532112,-39.95588056934639,-17.015584688708042,-31.566094980201427,1
-23.93190953952712,-21.540819117015435,-17.875727314324156,8.892405678189071,-5.896198995692129,3.096869409132812,2
0.0,0.0,0.0,0.0,0.0,0.0,0
-5.7325537927302,-24.71772186285705,-9.513999104704045,-47.23282036323667,-38.15427829352914,-41.27410523247324,1
-12.905852491956074,-3.401537549341629,-2.768143908718187,19.84470930663902,-0.7647547904646775,34.6872676932852,2
0.0,0.0,0.0,0.0,0.0,0.0,0
-13.733031891280984,-30.26647369043744,-22.666303818322326,-36.64560315323367,-36.2008746544522,-45.90504330868284,1
-24.23529650137975,-36.76457155085288,-26.59866814608992,-32.28271729154161,-28.38639127130888,-40.560557889116254,2
0.0,0.0,0.0,0.0,0.0,0.0,0
-2.3335970860696644,-4.292275635296186,-8.68641314063496,5.574668339228181,28.204873846467816,9.815616860209085,1
11.914142208112704,-1.1780436380615555,-9.350946074423923,-36.04289148809049,-14.309536628964384,-24.128339577927395,2
0.0,0.0,0.0,0.0,0.0,0.0,0
-12.72863790307838,-21.43624093794951,-21.734535106668098,-19.28153695733461,-21.21737480125877,-27.09350309852062,1
-4.984353943354947,-6.167577531775184,-19.59151911812325,1.8591922293128715,-16.50341217863632,-17.78462773182674,2
0.0,0.0,0.0,0.0,0.0,0.0,0
-14.111771555333458,-5.32635286193669,-19.81696988235628,-39.578787690337066,-19.6276454588422,-44.98839203598955,1
-0.3512486079579378,-7.882988471859215,-12.337180992373437,-36.039225760842974,-25.44471929727893,-40.612302115352335,2
0.0,0.0,0.0,0.0,0.0,0.0,0
-26.496868249726653,-30.9228687659671,-32.93270869359522,-11.409528959564852,4.391770453758139,28.31886139457472,1
-22.98965394224213,-29.810729348630144,-21.047135609583947,32.81848758143933,32.23905773671125,52.03785909536731,2
0.0,0.0,0.0,0.0,0.0,0.0,0
-19.013014680814287,-11.277437635445295,-14.772695794959894,-33.58972965542302,-26.1763642109226,-18.775769387285905,1
-11.914783279996884,-23.142565981469048,-16.38284308429283,-13.186929756356816,-7.1758781547858685,19.253424248749667,2
0.0,0.0,0.0,0.0,0.0,0.0,0
-13.722197381362973,-16.77037776688547,-24.28400295737365,-27.529426140900423,-32.61053648877327,-25.37342092284901,1
-16.69794407899607,-28.42596021343991,-25.217506510486405,-20.25733127037609,-39.46837412523823,-33.779956066283965,2
0.0,0.0,0.0,0.0,0.0,0.0,0
-14.95843120701132,-11.020782067356093,-19.663549357911062,-14.547758367099412,-31.97309357887289,-26.951648244429705,1
-0.7164977345366752,-6.033062973620877,-7.829241295407948,4.27821112796623,2.959994582424285,5.1984487895575535,2
0.0,0.0,0.0,0.0,0.0,0.0,0
-13.530081078111698,5.47112799584208,-8.908868715080462,-18.34151184281968,-8.213963473868269,-14.259317390434113,1
-12.651476837057574,-7.561488144079723,-7.815582978068095,-7.995702461579186,-8.899178337061617,-20.92142745904716,2
0.0,0.0,0.0,0.0,0.0,0.0,0
-16.732574456939624,-14.138103068469071,-17.778832825232087,14.543804344371283,23.406054534358635,11.50206100996472,1
-27.570507326229933,-34.99595573017898,-39.7353374923628,-12.788936493275086,-20.46613515098248,-17.17330948621764,2
0.0,0.0,0.0,0.0,0.0,0.0,0
-17.440631128666507,-21.995963789565646,-19.284122125968445,-67.73955382468515,-68.6899742049014,-70.96844586842768,1
-24.950651128086825,-33.941899444752,-25.03884497573976,-58.54511784888293,-66.83620780376344,-70.94828339018632,2
0.0,0.0,0.0,0.0,0.0,0.0,0
-22.905770620820466,2.8684715733282045,-8.729707214808492,-33.40367448463882,-45.40233717398121,-27.810277322903804,1
-17.097631053055185,-12.50543285849656,-15.689070553682802,-47.299527552234274,-59.08231710236159,-50.1326902035929,2
0.0,0.0,0.0,0.0,0.0,0.0,0
-18.782292943096,2.104533876263858,-20.536238055316417,-52.85625681594009,-53.118820998073566,-53.54775875248345,1
-24.65273275624332,-10.190393283232376,-17.62268499467884,-59.71453341247233,-55.48077655514951,-54.05269022322579,2
0.0,0.0,0.0,0.0,0.0,0.0,0
-18.99801504747637,-20.52414936392713,-24.725943136659406,-25.44295521873613,-28.48990512314356,-10.233445731896357,1
-8.74309655543227,-15.539739495341934,5.376387360399479,-19.96509214391569,-23.496623238386853,-12.038455116542476,2
0.0,0.0,0.0,0.0,0.0,0.0,0
-5.745142063677779,-14.482093966666062,-19.48258990340413,13.302197863309573,18.09252311533445,19.775349895694497,1
-3.154814709213426,-12.55776460242749,-8.271909796944366,4.564604500613177,0.4116546371371326,4.140620365318299,2
0.0,0.0,0.0,0.0,0.0,0.0,0
10.013617974670993,-10.277902415657826,-18.25568039596453,-18.03060046078821,-28.481129804016405,-17.870572082928938,1
0.8098843629953634,-8.268175770508615,-2.647506070348974,21.48897945750832,-13.198318741270151,23.71237120282749,2
0.0,0.0,0.0,0.0,0.0,0.0,0
-5.964635194338238,-2.1930711757373533,-7.838044018201991,-17.724292439192606,86.73761367296467,32.29483856102771,1
23.67931949705464,27.12004405378761,15.529012231829553,29.00725153712132,77.18723779494047,62.774047230690414,2
0.0,0.0,0.0,0.0,0.0,0.0,0
-22.875141040075786,-1.8666341182179853,-11.378836945294903,-21.68923749355757,-4.322496598195436,-38.75158167929875,1
-1.1665557554590666,-12.688462483759713,-12.050547728220522,-26.83228554203183,-42.34086519299861,-47.20749672635674,2
0.0,0.0,0.0,0.0,0.0,0.0,0
-6.347258254296011,17.65001670275507,3.9078995129605247,1.864707143713154,10.879938800920897,4.3326987600570455,1
3.733276577191498,12.94791558837162,11.344270739601768,40.994022797574445,11.89722751182736,18.923140571857346,2
0.0,0.0,0.0,0.0,0.0,0.0,0
-6.851833398736049,-7.263275976083326,-0.8636719532025621,27.63286225026774,11.46200702539524,11.857896051850028,1
-3.305816486429821,-6.021904522641413,-3.5081483977799666,15.754078836972536,26.1031227813058,9.177306591803926,2
0.0,0.0,0.0,0.0,0.0,0.0,0
-5.424938767130995,-6.080297332629455,-4.8442921533531385,20.22235159901677,27.41197059083369,18.112852509322167,1
19.439344493234582,7.259728428026844,12.72922384614466,63.6867491064796,52.53282532528563,40.720930973023385,2
0.0,0.0,0.0,0.0,0.0,0.0,0
12.75300385921026,4.998951183713456,9.37383901127224,34.546974676330535,4.7755674661411005,32.643648481336015,1
0.8262051675921647,-7.781385468413207,-10.683121190555662,-25.22133962330189,-12.483870351434122,-20.679052512964287,2
0.0,0.0,0.0,0.0,0.0,0.0,0
0.7192689306127216,1.2562919072840917,-3.547855016220136,-26.02648662830515,-30.162988248079525,-32.87943033561665,1
185.54185737860672,37.40627222628194,53.53325147927149,-30.301392201828858,-33.30273373774181,-44.23369862656253,2
0.0,0.0,0.0,0.0,0.0,0.0,0
0.3532426433348039,5.386062246228405,2.496307616894705,-3.370046389796235,5.788107863256702,-8.676263350552329,1
14.948823872363407,7.570742710975341,10.922250943678804,-20.13433259656761,12.811894993767812,-12.822515453707137,2
0.0,0.0,0.0,0.0,0.0,0.0,0
56.93522209828619,30.768953925471138,12.398763479570194,-29.095918126889863,-4.797069911356193,-32.98042248661724,1
4.284909414926715,11.199928694611422,1.4358151355015365,-3.517744623883352,48.10660253235597,-1.7283449607060395,2
0.0,0.0,0.0,0.0,0.0,0.0,0
-5.819944085067211,4.855290785802726,12.022005718268607,-3.2751452037959825,12.43381872835934,14.753397376916332,1
-2.8392800068208324,-8.328349047176435,-2.9421289076197303,18.8339378039495,-21.798026046712565,4.536688600718335,2
0.0,0.0,0.0,0.0,0.0,0.0,0
5.107611037722902,-4.036791672092603,-11.762323335481923,-19.15503303031241,13.615610927076654,-9.040866248378103,1
-4.650797637482735,-18.36494314139076,-15.341266642579434,-16.68876942096754,-40.52959771781652,-34.73310709516216,2
0.0,0.0,0.0,0.0,0.0,0.0,0
3.614340353734408,-7.116954839563689,0.7531814320601246,14.61400400716152,9.175554698166687,17.71249097619359,1
12.712719004101478,7.926265004938266,6.226829386445805,-2.705596166174169,-41.22477922101975,-28.695110092403336,2
0.0,0.0,0.0,0.0,0.0,0.0,0
-27.15754044925195,0.6627969833863491,-21.91994470031969,-8.435367051136028,28.99056408885349,-7.215110659505207,1
-27.243918768471858,-23.67806453256356,-29.737370212886592,-19.24343024732471,-34.766081164757544,-30.11051541634519,2
0.0,0.0,0.0,0.0,0.0,0.0,0
-19.08133023480797,-24.17025162095153,-23.18146324270737,8.101477699803745,2.183124850407532,-6.122683162751476,1
-15.062827977698664,-33.82986384723398,-18.162880351671788,-12.26556901468927,-26.76582235598022,5.294128947469439,2
0.0,0.0,0.0,0.0,0.0,0.0,0
-37.024411279714045,-17.946626546263957,-30.847386932664715,-27.780977644338755,-14.75469919450176,-13.480808873667344,1
-16.028215395054307,-10.338506407009284,-32.767086240207966,-4.990981153476975,-24.892162790387733,0.8251448968751623,2
0.0,0.0,0.0,0.0,0.0,0.0,0
-32.805962454551135,-8.107705594821631,-11.47505775164543,-56.84807397104857,37.53468015464744,-14.703785938530498,1
-17.72867717698703,-35.201647513095644,-10.509132421189753,24.29152319046,-40.00375945509009,-1.2358861388318785,2
0.0,0.0,0.0,0.0,0.0,0.0,0
-39.18842801141806,-18.0766183730159,-8.67967181266053,-34.969850017649,7.682616021569731,-24.86045659266631,1
-37.98585790958998,-39.854947376451015,-23.77382264393601,36.974219220405416,-69.76095851806558,-34.434255624275046,2
0.0,0.0,0.0,0.0,0.0,0.0,0
-50.23385210564542,-60.02242381124045,-42.8712232688496,-67.41482816517961,-74.73659005046967,-46.57761975795729,1
-52.91755416294359,-54.86867680219706,-37.70758695714952,-57.78785486438511,-70.43509762967768,-47.92697652886108,2
0.0,0.0,0.0,0.0,0.0,0.0,0
-12.969434232996008,-19.080193784742345,-21.16324501725012,-39.33895111157629,13.04033742098058,-0.1782401870977498,1
17.000020635120237,-10.342998506801983,-7.271900744775972,31.341908914152693,-1.725014153486619,33.979828143377965,2
0.0,0.0,0.0,0.0,0.0,0.0,0
1.5153439740403898,10.341101729542306,12.66755140987191,-20.267380632980423,-20.39463464460655,-35.6463927468536,1
18.26970286794436,5.247511660876287,24.85416936430628,72.6270696604663,-33.9590509397358,34.098926847803,2
0.0,0.0,0.0,0.0,0.0,0.0,0
-12.292915860320855,-14.493586411017082,5.144897647035718,-55.81090555182393,-44.17966339371952,-35.15691289086034,1
8.178548061549233,-4.555035239503211,12.62525838163051,4.979469083804754,-8.352080502332996,17.70417000934364,2
0.0,0.0,0.0,0.0,0.0,0.0,0
-42.73280338442975,-32.63144597494203,-42.466489214292416,-3.516988417089167,-36.48811782742784,-8.402440266755477,1
-31.304608877013628,-35.913371792222634,-33.636834860888115,-28.62685578539616,-43.36532772226854,-31.64859471660217,2
0.0,0.0,0.0,0.0,0.0,0.0,0
-26.22592576865052,-21.882426237906287,-25.80193038717728,-29.06069054232864,-4.336298405530767,-8.161990721899231,1
-8.968918914875603,-17.448202740793423,-3.4513254224567724,-5.10045485606231,-23.087620925249965,1.159536648477698,2
0.0,0.0,0.0,0.0,0.0,0.0,0
-36.47933354067833,-37.63139963321157,-36.39032377666428,-49.03838140317792,-53.79196850655645,-43.77596928620673,1
-24.8237800368803,-37.69361413242468,-28.58065267633247,3.0126464722352115,-15.66215645831718,4.459747214016803,2
0.0,0.0,0.0,0.0,0.0,0.0,0
-28.79556637091446,-26.532695287156887,-23.605144543959668,5.519238716011063,-3.0367865551605924,7.655876875193895,1
-11.989273593788656,-19.10220830840941,-1.6992567498785642,30.227032859023595,31.4132913187604,44.00957730620797,2
0.0,0.0,0.0,0.0,0.0,0.0,0
0.1912630315511938,-9.857775894512065,0.1291304282404068,21.17760951613104,24.06297491264888,24.03698437751773,1
-18.45782311415493,-22.4063726880462,-11.69710895280818,11.922297218781464,13.430450030782897,14.939776215466008,2
0.0,0.0,0.0,0.0,0.0,0.0,0
-10.70553007402333,-20.502354115228005,-13.155532852452817,6.657103610640447,12.963700454227,21.67569469528483,1
-7.561504054793413,-17.124080574189296,-10.943260484394845,15.660161051559273,-10.169972858051707,7.654518482896934,2
0.0,0.0,0.0,0.0,0.0,0.0,0
24.2894750734448,22.21866162198999,22.62611878310043,-22.31622075531465,-16.42677958767616,-23.100797498337503,1
-6.334098803533246,-7.691651815432091,-7.588418470008605,-6.968962199992047,-8.9578065085554,-7.970888559988026,2
0.0,0.0,0.0,0.0,0.0,0.0,0
-0.5273982090062881,-8.625139591197154,-1.597450160726387,26.13869328058161,23.63020638077529,26.23831585372286,1
11.928264895762815,-10.560502346564697,10.98353726708811,-5.135386116213681,-9.009342351270318,-5.586738378958856,2
0.0,0.0,0.0,0.0,0.0,0.0,0
18.6773673986857,-1.0357473676688271,19.233900841243525,-3.770752464443241,-1.6676954990157782,-2.722619570401195,1
28.49469491998401,7.702661192710829,28.644273450849628,-6.259776895771722,2.24397530130468,-5.366095865320718,2
0.0,0.0,0.0,0.0,0.0,0.0,0
-6.971342190993752,1.3488008281438164,9.871794635655142,9.350294971672424,20.77985887217097,45.42869372987918,1
-5.6533170181148,0.6382497088139057,-2.4175393636915588,24.81049591183076,17.980416688379883,34.810402168175294,2
0.0,0.0,0.0,0.0,0.0,0.0,0
15.828725429773518,5.336886400569191,19.22502658474145,40.49283418351613,21.1463606003563,38.23400579784139,1
2.986360676082448,-10.75292409075448,-1.597760307445834,56.66568796201504,82.17570084374763,76.0589012886556,2
0.0,0.0,0.0,0.0,0.0,0.0,0
6.018146651478803,8.437639389140966,14.677077320521144,20.19524468158924,-8.82572893065461,14.383135281356637,1
24.002585742097693,6.1029684191902165,17.9282695700029,45.10996545424857,14.475263718871917,32.1418555282751,2
0.0,0.0,0.0,0.0,0.0,0.0,0
-8.131717406095404,-30.28591300028236,-13.459299662245714,44.983435722156,-7.604767227356494,47.2050877430664,1
21.356696171785835,12.030680549672583,7.815238384991101,24.80998722646504,-14.887893312632594,23.67283664113724,2
0.0,0.0,0.0,0.0,0.0,0.0,0
-10.575857299179336,-14.011532755717132,-18.56012539696756,-25.18686766639608,-5.189652106013151,-19.484454422740274,1
-6.550001195506401,-21.60842932787034,-21.4214816602526,-27.77488938515592,-20.83017762665753,-17.651028759608707,2
0.0,0.0,0.0,0.0,0.0,0.0,0
-5.20771706336881,-29.919210924213274,-23.096413031752927,37.23042573306232,9.775159566036278,31.59340438760877,1
-15.382694613318632,-41.47761060059424,-30.80730361027113,-2.2887625809848924,-12.72238460391772,2.812594536269055,2
0.0,0.0,0.0,0.0,0.0,0.0,0
-2.8382500480783275,-22.04641719950115,-17.28454582533195,-15.921627102411914,-6.882123707964964,-12.339568956645069,1
2.5635882237134773,-34.01945972170631,-24.967604198968257,-14.33000084944356,-22.49576377064272,-31.93261141022829,2
0.0,0.0,0.0,0.0,0.0,0.0,0
-5.496716990916109,-17.080982991823156,-25.910566870501185,-24.898251330140177,-15.52262670389188,-21.035076681781568,1
16.255973729036263,-17.640443569451072,-13.88959653256561,-6.478345127549964,-26.44610934911345,-20.91653567558679,2
0.0,0.0,0.0,0.0,0.0,0.0,0
-26.836118072367977,-24.517319262551737,-30.83049800995116,-31.628576730553704,-27.042191052906205,-31.97874486811633,1
-19.572141656568736,-19.947303626189345,-24.93779305178913,-23.224342689963777,-24.25815042172224,-24.27233026154264,2
0.0,0.0,0.0,0.0,0.0,0.0,0
-3.020884093190757,0.036356458093041,15.207808806706456,26.629940558272715,25.702608470263804,40.75455915940377,1
-11.164909044262588,-4.638482167542012,-10.961943770250992,-3.665297776123567,-7.781590516393923,0.6719085037079303,2
0.0,0.0,0.0,0.0,0.0,0.0,0
-2.6188525939777825,1.123698059853903,-1.32983592628701,-1.6224969968797072,-10.687087023116138,-11.12757848735346,1
5.766936015191499,0.1794780019479258,-3.1107939398792617,-3.55042461627673,-10.437715679074609,-5.066040623033871,2
0.0,0.0,0.0,0.0,0.0,0.0,0
-11.82220984004471,-3.772448076291429,1.024816888276041,11.69239924396632,37.11599324147527,66.15513028806927,1
24.602125616510293,10.502393726558465,15.340995004901984,-1.441747318695446,19.07835721603581,7.700284165771495,2
0.0,0.0,0.0,0.0,0.0,0.0,0
0.9472833652481194,13.67097183628679,10.249915201473756,-1.7429843672731098,10.430591504234926,3.9719825502901247,1
-11.210974188093775,-20.763880212273364,-15.129687613603275,0.6638032881155288,3.70653086898306,2.886546058717325,2
0.0,0.0,0.0,0.0,0.0,0.0,0
-26.95304056966964,-31.305482475962727,-23.389637754870364,-3.065371932261603,-13.24645097530633,-5.92435169579371,1
-32.58407666699946,-37.34450781254354,-31.126396890243395,-11.248991408987212,-6.422650125864274,-7.827778746885773,2
0.0,0.0,0.0,0.0,0.0,0.0,0
-12.35396247580898,-22.28517594903715,-17.29465890167421,-17.453865331078717,-15.307249441206874,-15.617854431612644,1
3.6395840445783136,-16.066959614143535,-8.487861294077243,-22.25302157547053,-20.23245922462674,-19.40922846086435,2
0.0,0.0,0.0,0.0,0.0,0.0,0
-42.59835013509722,6.22787806029589,-23.73316895588965,35.52345576583368,94.01974743364477,56.84416915274536,1
-29.965483896681288,-30.612714292668187,-38.30672808228413,18.974793135859663,-10.345935758300849,7.695059961611873,2
0.0,0.0,0.0,0.0,0.0,0.0,0
-11.76975443624426,22.25468542153125,12.240039514893452,-42.060190635935975,-10.963612197096014,-30.229859672893586,1
24.39394465639188,20.856783934459724,24.188611700288405,-12.434468496711863,-41.86725095051604,-21.80769379245725,2
0.0,0.0,0.0,0.0,0.0,0.0,0
-31.70458745598552,-27.75467459417897,-38.0939160555416,4.630957859432154,14.57519595926691,8.755935159014262,1
-13.691261025459486,-46.25012854748095,-36.3308329193521,6.364848338729395,-55.51734366922201,-27.857125262124,2
0.0,0.0,0.0,0.0,0.0,0.0,0
-22.317375964308404,-4.51007158734758,1.4482271351816032,-44.61109789109044,-31.397537719413965,-31.13588531246176,1
-12.085212047346454,-24.90062905608045,-2.842344995018533,-25.85720125974742,-34.465538136655894,-14.788804540170416,2
0.0,0.0,0.0,0.0,0.0,0.0,0
-8.925213614139684,-3.8299842943315294,-15.81368623256805,8.94308762785321,20.95240283982569,27.003942973760616,1
-13.565140641606844,-7.786755921624897,-17.89830160708545,30.48990644677095,27.04741448855693,62.416036581914646,2
0.0,0.0,0.0,0.0,0.0,0.0,0
-26.243592939413656,-22.941480206044822,-19.717139423382683,-24.7016348279929,0.2659635165030663,-10.07175158121032,1
-14.74435015906575,-14.029007492345,-2.545113311235328,5.630177219834871,-7.727459957613587,6.690385367549467,2
0.0,0.0,0.0,0.0,0.0,0.0,0
-8.826414146564808,-13.924584145421706,-14.093400785740997,-32.63536466461108,-6.0608033506015495,1.452012134425695,1
-15.01576658620337,-23.64519135002536,-17.332299363343452,-39.118677169556456,-43.71619279635078,-36.61095879157254,2
0.0,0.0,0.0,0.0,0.0,0.0,0
16.124844784451525,5.885310461029645,2.187169160854295,-30.299328989270464,-14.330936345647686,-18.463324587201747,1
26.095127701341987,-12.879857730482716,5.825002529258337,-0.9257535525824652,-36.49381629665467,-20.53739977217596,2
0.0,0.0,0.0,0.0,0.0,0.0,0
-12.228881983860768,-12.301885642369752,-12.366528566538802,-21.619760014360445,3.9593395015278623,-5.1566240087888735,1
-0.0307814283447691,-25.01644374751585,-13.34607140941569,-7.972244042403104,-7.251624490296436,-14.3926712641386,2
0.0,0.0,0.0,0.0,0.0,0.0,0
-30.02147334984947,-20.6264697966197,-31.38632631630589,-61.091214137125206,-41.46792331549246,-53.03835575561857,1
-18.650804226879977,-17.992285279352117,-31.62802001029464,-9.696374551189589,-6.363260631379365,-3.9656660497025418,2
0.0,0.0,0.0,0.0,0.0,0.0,0
-27.42845250816344,-9.7577084156324,-37.97881446963932,15.495793361487188,12.294314536584764,18.693883770203016,1
-25.39241205076521,-12.49465181787969,-39.7111829394763,22.47791335715361,3.254888733262791,8.982753423190008,2
0.0,0.0,0.0,0.0,0.0,0.0,0
-23.635523751561127,-17.73528121025908,-36.23313917808592,-2.8984711098316334,3.1741328186063766,-4.919013857382702,1
-4.788762610310771,-15.217121852690136,-31.229474989991857,15.96467949792149,15.079215182292332,15.48571954111602,2
0.0,0.0,0.0,0.0,0.0,0.0,0
-8.430387799161949,0.9115716652725566,4.018052946215076,21.85567417301547,18.90975860688618,24.236149786351216,1
9.02323982604472,-13.928190651409198,-6.411972332877207,-10.17681699833306,-20.963780690726143,-29.612259029658755,2
0.0,0.0,0.0,0.0,0.0,0.0,0
3.42081121101479,7.066993100937779,3.794687019744367,-11.34188530336844,3.300643650441969,-1.8766567548578856,1
5.905379229915356,3.6322340200976826,0.2471808314560963,-13.413180568840328,-11.491421782984116,-12.322166494427876,2
0.0,0.0,0.0,0.0,0.0,0.0,0
-12.164907235511228,-8.243972096787108,-17.474727200417902,8.485922118778724,-1.8061379027747515,-1.3367951654388843,1
-13.867906950612287,-10.9959116616389,-22.640813182629653,87.2961217369355,39.56426185430138,66.50400601566017,2
0.0,0.0,0.0,0.0,0.0,0.0,0
-1.5357931365836568,-5.369272112896835,-0.501525474967782,-9.699891204299549,-25.559079895965425,-15.907918687105273,1
2.143969789561667,4.836544755777314,7.905890498716352,-2.692090307516647,-10.228954878995818,-6.634405829878158,2
0.0,0.0,0.0,0.0,0.0,0.0,0
19.25854565914008,31.462606208201315,18.17350440564592,72.38319152263837,71.77570117499138,83.10053312823243,1
-7.967367251298131,2.175997754119679,-5.884035723868046,4.460942702310956,-5.638413399642601,4.725344128466625,2
0.0,0.0,0.0,0.0,0.0,0.0,0
-0.8054066393297249,-3.518018946103217,1.0434241731194425,41.59288419278814,41.61321330223775,31.61231867823021,1
-19.91449373948741,-16.30746687520861,-20.9738854169398,1.0261767276980975,-20.584438987913902,-17.162095366133475,2
0.0,0.0,0.0,0.0,0.0,0.0,0
-13.524676890900574,-15.309138441120322,-15.794359745930938,-33.4032362019959,-39.54566883271536,-36.30240854466242,1
-13.718854277393808,-12.609545743647107,-16.787162147005404,-7.468722230295461,-35.69142657742791,-14.183785923456515,2
0.0,0.0,0.0,0.0,0.0,0.0,0
-21.17757714563908,-12.641950881851116,-14.961175416645542,-5.272358757569333,-22.37260383954318,-3.4735399088894248,1
-35.18242144644315,-35.65458555903957,-34.544635819533106,-37.66742269783823,-54.48225940746201,-41.9045299514569,2
0.0,0.0,0.0,0.0,0.0,0.0,0
-34.846766793910575,-35.437695082139335,-38.21076597583185,-50.761748058277256,-53.062596212891066,-46.08530268364596,1
-29.358027704123213,-30.45007646359682,-32.74809373165459,-51.597873131157776,-70.62046299736443,-53.14832314606958,2
0.0,0.0,0.0,0.0,0.0,0.0,0
-17.17013657807489,-9.351679396869637,-8.07807496855161,8.410177815408336,32.400004419424754,46.282859930816905,1
-0.2911914488027867,-29.60094754003045,-13.218382786893828,-7.867837931683893,18.736201146732625,4.286619869790118,2
0.0,0.0,0.0,0.0,0.0,0.0,0
-25.737865767961505,-10.47397441607036,-5.336521680450118,-24.096690299536647,-12.14991550061404,-4.809754167990178,1
0.513934653146095,-10.508103481768712,23.73865011980737,30.46895247595508,8.337512214723718,19.332626365168075,2
0.0,0.0,0.0,0.0,0.0,0.0,0
-22.138703309838498,-11.056667530016949,-3.0432731858055786,25.29436748489237,25.20858513101264,29.581269054090527,1
-3.970894833094648,-33.590666386225394,-14.9040693731555,5.857431152935929,2.979704322149564,11.211652356111095,2
0.0,0.0,0.0,0.0,0.0,0.0,0
-27.76830676299188,-3.9038691182827767,-15.85255322582666,-2.9926289876412406,2.7813262008363107,15.014735538047002,1
-13.39069166983058,-8.631001062052114,-5.089050485566381,13.950841707424267,5.986418239493215,23.094137854545743,2
0.0,0.0,0.0,0.0,0.0,0.0,0
-17.799386178873984,-24.04030865038354,-22.05603533505552,-25.07632514021409,-8.519659632032873,-5.257908689618432,1
-18.73581751557436,-23.220091296479712,-26.844425184882013,-26.1316007973529,-27.135179961569456,-25.252009975605887,2
0.0,0.0,0.0,0.0,0.0,0.0,0
9.019134567247484,9.257713506045835,6.899455100238501,13.734117641330496,44.47089616345317,35.54531697674484,1
-3.865568816986843,-16.830119870779324,-17.25162580947411,47.19588189619309,30.208733176005705,39.42435409335801,2
0.0,0.0,0.0,0.0,0.0,0.0,0
-11.055850383531093,-7.554449914944376,-4.012522456309372,7.226442697347682,-7.0029898831933775,-5.741191016203548,1
-10.858947320011062,-9.788733917218964,-10.440786869403455,17.944108932905863,13.91881324649256,14.450868914701116,2
0.0,0.0,0.0,0.0,0.0,0.0,0
18.077890827000857,19.93469226296032,19.49390608915961,-41.33449011144761,-31.85957251482461,-34.571385294988296,1
12.60572292234874,8.28779090088406,7.406723681882811,-17.61447043117181,-4.777280155499542,-10.5163919117075,2
0.0,0.0,0.0,0.0,0.0,0.0,0
-20.14868309523353,-23.1698432490966,-21.113987498082395,-15.329090949997155,0.9529473638225868,-6.253041866115086,1
-4.600902499391073,-10.76991020548261,-7.151934662058301,-24.90222104170436,5.094797215704971,-7.044830678892631,2
0.0,0.0,0.0,0.0,0.0,0.0,0
-14.64564117468565,-28.74212571970841,-24.27258999015969,-8.65465448486915,-4.204816173885769,-1.4066912053559133,1
-6.534373328627945,-15.972184952711862,-14.388781969262984,1.824418178329816,7.047129790374278,12.360197377604583,2
0.0,0.0,0.0,0.0,0.0,0.0,0
15.571402211576851,4.371429824571677,15.781549346620618,19.759857516915773,34.51722368005541,37.46924931463763,1
11.798673422939611,0.994225843433712,8.297647918532865,8.100494094913993,27.219338683703658,15.735161165126376,2
0.0,0.0,0.0,0.0,0.0,0.0,0
-4.933013271326341,-6.717634093230589,-13.469091415221529,-4.3850297452274045,18.979688519229825,1.588177497936917,1
-21.41394030315692,-6.6545319863687,-13.938769521003088,-9.935811869900592,34.052892115952766,13.822287890563135,2
0.0,0.0,0.0,0.0,0.0,0.0,0
-17.249059597077864,18.479039393995304,-6.861416067266902,-48.71058621051873,-50.24559140744237,-57.10009963009036,1
-26.469008496390504,-23.087809598334065,-33.80489687594025,-27.309100513795247,-33.17060703403042,-40.18948904994903,2
0.0,0.0,0.0,0.0,0.0,0.0,0
-7.047669644871232,10.745867755833729,-4.749612350360456,40.06098437368967,57.4690561981306,9.584889839023267,1
12.195861660923429,-21.003387887042862,4.247220323982349,17.8182640751664,-25.685809787678483,-13.45102389890888,2
0.0,0.0,0.0,0.0,0.0,0.0,0
-3.181816820131104,-7.34846551047752,6.284151492956667,-51.4120077939822,-46.16823896154828,-50.25050149540007,1
14.49582458339227,10.546282358013404,48.641508302639394,-46.17314424575384,-45.25874091419082,-45.27833668104516,2
0.0,0.0,0.0,0.0,0.0,0.0,0
-18.995671795102027,-3.3374187565259583,-12.265557760531037,-9.602885991004705,32.50354978078178,6.68711131023427,1
-17.55634761209017,-23.07558550328713,-13.670216477798151,-4.846316582816898,-11.354049430915154,-5.27205634329479,2
0.0,0.0,0.0,0.0,0.0,0.0,0
-11.594892665303783,-5.605148925736369,-5.667145526259921,-12.343462937406658,-16.180476476401857,-22.674137810788032,1
3.308461446690953,0.119522378048471,9.35201145229891,-6.3800356191614185,23.686013266643872,-13.689854765674466,2
0.0,0.0,0.0,0.0,0.0,0.0,0
-5.783211097492658,-1.6922845199816503,2.1382778112806187,-8.354550644435783,3.73477841420884,-9.467802677904254,1
-2.210551225286624,3.6329358945192975,6.641175223837127,-13.760067672497945,17.941622800291317,-11.60857715927054,2
0.0,0.0,0.0,0.0,0.0,0.0,0
-38.18493159200051,-19.39442885529209,-26.837941798713395,-56.45778123498737,-30.45875360553797,-48.18348946543775,1
-2.322817296955725,7.798769660441489,-0.464213397365087,-3.4241404313698625,-9.160281950707148,-23.039342979408097,2
0.0,0.0,0.0,0.0,0.0,0.0,0
-24.41180770401064,3.7181961710834814,-8.649488346660716,-26.80626834697218,8.391579638560344,-16.570363976845567,1
13.476814161149854,4.578040012661913,19.99362730831565,13.316976473707316,32.6057864647236,60.55409826781565,2
0.0,0.0,0.0,0.0,0.0,0.0,0
-29.77531150058561,-34.79079239302998,-32.08251080384643,-47.57703952376648,-21.110562299407096,-23.587766728121355,1
-8.913579156878516,-22.93198684973233,-15.585629594011152,49.27947089456303,-9.513750437268634,23.80061390682628,2
0.0,0.0,0.0,0.0,0.0,0.0,0
-26.705902796235915,-21.64172047516116,-35.36947378085255,6.189571971854744,7.266378246354253,8.765881945229818,1
-22.08332199239592,-18.906978380977225,-30.54050690883739,1.3805038763948336,-25.207491736594136,-9.409186718899033,2
0.0,0.0,0.0,0.0,0.0,0.0,0
-33.17335144501164,-17.50153311898798,-33.84999056005154,-27.29429622106461,-24.72471115864619,-33.978590210152326,1
-20.28526758589782,-27.109765407121827,-35.12936693822185,-31.564645179430546,-30.010939959135182,-33.76993246531304,2
0.0,0.0,0.0,0.0,0.0,0.0,0
-19.331931980816734,-18.894635089339936,-34.79223300889556,-21.79579084473883,-23.261592368165303,-20.83534400825997,1
-27.92194488431564,-29.95694151191692,-46.83718033609118,-21.71418519670475,-41.75673917158444,-38.53262498373855,2
0.0,0.0,0.0,0.0,0.0,0.0,0
-4.005354953110046,-9.081270338585464,-5.35831647076109,-29.55489735985492,-15.229952425386738,-20.96361546357073,1
-11.167284871598842,-5.833681482903852,-8.66060487176557,-22.86396359178849,-21.40411857673079,-20.001498920849624,2
0.0,0.0,0.0,0.0,0.0,0.0,0
-5.762241661734711,-4.694914673769661,-6.965541768327435,-17.02305280698071,-4.135963245004545,-15.364158039919412,1
16.834152658645717,6.867284382432842,6.996347680456279,-32.37123280475037,-30.05991293464804,-43.18460546975248,2
0.0,0.0,0.0,0.0,0.0,0.0,0
3.3804838170580283,16.488584783588536,13.793067831034952,-36.53793050443653,-2.9599607432516444,-18.52060657004401,1
25.14605206228516,36.41505757878468,36.45416822245996,-16.829259416529453,1.2105388492882236,-6.244959112448044,2
0.0,0.0,0.0,0.0,0.0,0.0,0
-3.493597347717032,-7.531271685943448,3.725977679153528,-29.26476384461976,-2.6879983474007165,-6.889020571268745,1
15.322183929076305,-12.299729055586136,10.306014205953169,-10.658502142362083,-11.037052219851375,-7.473772101089645,2
0.0,0.0,0.0,0.0,0.0,0.0,0
-16.0656209062614,1.6741714280816156,-3.09258219772921,28.002597199685177,-1.2019716326885848,16.758030067346425,1
-9.978402314841372,-11.606690188978186,2.601749919321323,32.85330491831492,44.28238392385296,48.98343761095047,2
0.0,0.0,0.0,0.0,0.0,0.0,0
-12.309492531203611,1.5635943214174903,16.42921633089752,16.932052597543944,10.59054653229122,10.376799353601294,1
12.26878079455658,28.00400612898551,37.48138907786584,73.2601349584286,47.355585530769694,57.0238458653057,2
0.0,0.0,0.0,0.0,0.0,0.0,0
8.010112463337311,-11.133730136461718,-4.95239484628311,1.0249337679312305,-15.042000461116048,-6.913646205830773,1
2.546065027968848,-14.911136816377034,-12.649682800434448,-44.290260930681725,-39.28871379336856,-37.41624858977814,2
0.0,0.0,0.0,0.0,0.0,0.0,0
-6.142915540677076,-5.363739889184429,-14.546087694069987,17.928123153037877,-8.695011909876637,-0.9663927214076958,1
-6.471235374953653,-11.952046066865163,-13.01701179580382,-0.1199761349020914,-37.15709659369995,-18.723580044962706,2
0.0,0.0,0.0,0.0,0.0,0.0,0
9.811803407460694,-7.369685132659359,0.6922194257793051,-40.24098125598983,-32.10038197174047,-45.90799726656734,1
9.212063962735629,-8.501640267428959,1.4656396773386018,-22.044717501766865,-30.371743425577023,-41.71584460439757,2
0.0,0.0,0.0,0.0,0.0,0.0,0
5.036744916977408,-11.009408161778408,-0.2304332441967485,36.24403780893762,-10.733435972777162,19.64247880959133,1
2.165330627034588,-17.016716831857824,-6.61371100991904,-6.006778145542704,2.9268525890281376,-5.645994537370058,2
0.0,0.0,0.0,0.0,0.0,0.0,0
7.523539153797111,-3.562649419471405,1.0385536826524502,0.7727948555834503,-8.488923152926505,12.678728613773949,1
-10.83156547139907,-11.91505650093876,-16.18275948442827,-21.099807701788976,-21.684266765613025,-22.08507662395824,2
0.0,0.0,0.0,0.0,0.0,0.0,0
-6.827660978907893,1.291428985286734,3.518223619287376,-5.988766388690907,7.432176897076902,-3.389769643696609,1
12.209244884343546,39.790067669761726,33.72022434629856,-16.174946323392824,-17.786124971979266,-8.385420188397239,2
0.0,0.0,0.0,0.0,0.0,0.0,0
-22.798834990509786,-10.529952442722266,-17.285916754075114,8.15411110518475,27.878627431820064,-0.5895329361927313,1
-30.02541484111488,-23.64859704269357,-28.062556235061635,-3.163756026842167,-5.112643806208494,-1.2806941222902448,2
0.0,0.0,0.0,0.0,0.0,0.0,0
-32.04998999665117,-22.038790183704045,-32.2995513075889,13.16642187011123,-1.5585139512105626,3.2312057228075024,1
0.3770375229188428,-3.6810715064312207,-6.627137399917675,15.139836463199147,12.381444468840067,0.994818649787232,2
0.0,0.0,0.0,0.0,0.0,0.0,0
-15.7571998654813,-5.474074793892405,-18.971814444787057,28.03966806468071,14.08156107508854,6.259410797362238,1
19.15716445818919,21.21510139743889,17.011413970279953,104.83445070590643,57.82744089238152,80.98258490408158,2
0.0,0.0,0.0,0.0,0.0,0.0,0
-26.053843264136,-16.07700663384857,-11.002214624101583,-47.21950511620332,-20.813674867803098,-34.84430416682912,1
-14.801377581197023,-6.993688932206564,-1.4914143155204709,-13.76490522953834,-40.66941171788013,-0.6734768090912464,2
0.0,0.0,0.0,0.0,0.0,0.0,0
1.062453411561207,4.809175093950388,8.429086445176702,2.6739809154991625,-1.1107104342020522,9.589291973192203,1
6.699103021484603,-3.525897210390834,1.2473348487376723,17.785038927691975,-22.36826266046365,16.871534286271068,2
0.0,0.0,0.0,0.0,0.0,0.0,0
-24.52475822531455,-21.733768704675448,-19.289165256830685,-17.633466149569525,-28.06322803885393,-16.63195005461407,1
-17.25068767766207,-29.48962882889577,-16.383178713453603,1.968266740296832,-45.15126050506961,-2.571133753030338,2
0.0,0.0,0.0,0.0,0.0,0.0,0
-7.473806494878238,1.3321868363054463,-8.359634553280456,44.98389634777752,35.98701804804158,52.19403594781637,1
15.763776900170114,7.598192071877323,13.832314143828462,12.26979914055108,-1.7743967515967962,-2.620592091775755,2
0.0,0.0,0.0,0.0,0.0,0.0,0
-7.148178644023327,-5.815296321970416,-6.788036806191264,-23.037270101496112,-6.437372864419896,-18.381198216371928,1
15.557192627676434,2.644118498348559,7.413000264726648,-0.4720537990319351,11.818491698472968,0.4383629947981545,2
0.0,0.0,0.0,0.0,0.0,0.0,0
-7.366843409416631,-3.7252897642262943,-8.795075874488209,-19.099008425522563,-15.454958549972329,-17.738904621405606,1
-27.43302646469471,-21.3269390813508,-27.52311884169952,-3.2035462497582574,-1.3350318924046796,-1.537838296334783,2
0.0,0.0,0.0,0.0,0.0,0.0,0
-15.421621080032985,-1.6721870617085026,-7.623385851391129,-2.49318580177545,-20.662471159787483,1.0322368155374029,1
-9.246823342529902,-0.3868002481113841,-0.1650528765977482,-5.844891703384362,-30.902762588098547,-12.818539754766686,2
0.0,0.0,0.0,0.0,0.0,0.0,0
5.420090336541308,10.359089262223351,15.054112904927331,-10.291709110203117,41.13552803510322,6.545190832039002,1
-14.64259930366647,-10.339458533102697,-9.97326454539537,-3.839308758838824,2.8807697095406937,-12.784698072570205,2
0.0,0.0,0.0,0.0,0.0,0.0,0
-26.82885451008688,-27.35999312274734,-28.87759066295744,-32.945787951776204,-41.128661278620186,-19.34493343869729,1
-8.945839009246544,-12.952464625223897,-17.333782250688127,-24.691443584908363,-56.6580641158005,-40.084622776896026,2
0.0,0.0,0.0,0.0,0.0,0.0,0
-11.9117468057416,12.721748195620966,-8.069670109629524,10.397413692258883,0.983401831990824,8.980572472932598,1
-8.547178048993334,6.52551486880564,-11.369044312207691,13.908631728576244,0.344096909073417,8.221937523744495,2
0.0,0.0,0.0,0.0,0.0,0.0,0
2.598015594127865,-12.96599741399847,-2.1020067221941945,-23.748132855540696,-35.68698751233567,-34.835189803447086,1
10.724050884772725,0.0748606076751908,8.741784370117724,-17.313215770039417,-5.133560364903951,-14.905912414300923,2
0.0,0.0,0.0,0.0,0.0,0.0,0
-2.6648118179510925,45.318641023610525,8.460486416822448,-13.781318919135789,51.50138619024772,-13.768054971645396,1
7.13825571129183,11.224508283017927,14.48491952744935,-11.662716030814256,-22.22318956203751,-22.629602102795047,2
0.0,0.0,0.0,0.0,0.0,0.0,0
-7.072231774869723,-6.003292451873623,-9.948838029186856,-37.6434213602572,-32.679180267920046,-34.67496430610768,1
-15.763557292681677,-23.69646258608297,-17.96054721792734,3.8822661922215,-10.919129314747009,2.61867423296677,2
0.0,0.0,0.0,0.0,0.0,0.0,0
-3.63637304270616,-9.309205397019158,1.6863890112345352,-0.0610862094437831,7.810105444000682,-9.515316565250236,1
-3.849598733491645,-12.856008502412328,-4.119783449881023,-9.593627711939885,-11.632434411975789,-7.18581035648351,2
0.0,0.0,0.0,0.0,0.0,0.0,0
-2.9677865750262504,-0.9257259987930324,4.087770560890723,5.793622157619222,-9.855277874466186,-0.722925062362448,1
14.971913741529448,0.5899736942126176,16.089673461983008,-16.862434016473937,-9.409616270364335,-20.002884524529733,2
0.0,0.0,0.0,0.0,0.0,0.0,0
-15.151395478793606,-19.64766544059856,-25.69638273955489,-41.26907256875565,-32.01288918740592,-39.66370471270902,1
-7.178673845390764,-25.72721504188308,-20.79652718361073,-35.67232516287728,-15.896155800187156,-23.555258832203265,2
0.0,0.0,0.0,0.0,0.0,0.0,0
6.149049742091363,-1.2822859417830077,3.508593454976699,-18.68864717426736,-18.734215765333328,-18.724973615383725,1
-1.9909197219175565,-9.28657580161563,-4.719901142699405,-1.8163767802414643,-3.1345169825329617,0.473516109549114,2
0.0,0.0,0.0,0.0,0.0,0.0,0
-6.317949068284147,-11.437967230988914,-9.16664730938077,-34.125868371878305,-30.68888253364336,-39.869961158619205,1
-9.004074733274328,-0.6244398267622641,-4.1999101202734135,-44.08218717843927,-42.44948818593674,-37.99388616544666,2
0.0,0.0,0.0,0.0,0.0,0.0,0
18.735379954186104,7.153376830745338,11.067565876600154,117.17129761526664,89.74033417881887,110.57874801562669,1
10.06117536750826,36.98955117236605,22.139615286719973,15.163159458486849,12.991592341700144,16.725762077005836,2
0.0,0.0,0.0,0.0,0.0,0.0,0
11.066879386703135,33.23377057929597,17.43212716585071,20.3493233267372,13.64758338502189,26.4907900562398,1
47.30341915999582,53.48280627606141,55.48283968898444,106.72753917374496,62.88396791666817,48.1752033776006,2
0.0,0.0,0.0,0.0,0.0,0.0,0
22.688511023458272,26.20958808260576,32.12058631292889,-1.6412039654227455,-31.68390528074704,-28.55701187919395,1
-7.795688414709552,20.025397518447583,9.93537047680257,-2.694642034346594,-29.75646947845296,-40.67755417013322,2
0.0,0.0,0.0,0.0,0.0,0.0,0
16.51301638362916,12.693601013662498,8.621519453322973,4.253814566695245,-7.63978873132144,-7.573694920684973,1
13.0135907929721,18.74952500454223,15.19574563511454,-1.7716855981605946,19.51898607755641,-9.425446443979132,2
0.0,0.0,0.0,0.0,0.0,0.0,0
-2.711479640537196,37.05642864638797,7.488728680622316,-12.796459162810631,23.032179548606653,1.783135051721728,1
10.494287400231505,-11.955093533591803,11.240507017975313,-28.70545778397297,-26.13498399799982,3.1898686473307776,2
0.0,0.0,0.0,0.0,0.0,0.0,0
12.943011140599769,14.80184019725861,23.56459032839721,-20.107674857983767,-32.519407190182065,-12.382648138614872,1
21.0659350067931,13.265432479368403,20.53302284711708,-20.678119558558286,-43.58455576067033,-20.477479934924144,2
0.0,0.0,0.0,0.0,0.0,0.0,0
6.45716857078304,9.264249984868414,-6.83956369227058,-19.74379964401268,71.80102746868032,14.976925721984164,1
-1.1910308512229004,3.509560642950355,-2.7594975348314934,9.173088958729098,27.69258357834814,19.03693036295103,2
0.0,0.0,0.0,0.0,0.0,0.0,0
7.834738131169539,-8.464103071928895,3.049747806786464,2.021998957373432,3.4608365241503973,2.633069739927932,1
10.78310847987862,12.352278043782745,13.309324340048558,32.49758996375513,14.4372068681217,32.63532356386553,2
0.0,0.0,0.0,0.0,0.0,0.0,0
2.5375578055976176,-7.985610731915109,-16.780186502071626,2.9281281703847304,5.509096884506904,-0.3060535768317496,1
15.887422730564271,3.331838425001541,-2.544004638160861,3.0031978771955514,0.7927437751939295,4.434650465295873,2
0.0,0.0,0.0,0.0,0.0,0.0,0
-32.25607296702048,-16.352610019078558,-23.04091094607904,3.92725805213992,34.72802574097085,-9.886599493428497,1
-16.458024469067503,-35.257235434344565,-27.564361645898472,-40.10179578154244,-46.116363131911015,-51.63263330144068,2
0.0,0.0,0.0,0.0,0.0,0.0,0
-12.702522566348376,-13.195349025566564,-18.23191742770693,32.302605012183605,3.188529184110853,9.886655963574997,1
-29.52155926827637,-20.87259057752628,-21.908423884910025,14.54676591119584,-0.958688876610834,-9.848159822572889,2
0.0,0.0,0.0,0.0,0.0,0.0,0
-14.085314823911917,-19.92079115354868,-8.422824699783368,-16.171623534523697,74.57195462788923,-9.329346993852534,1
-8.165319277895518,2.733510575219388,17.611395681394978,24.24441539696684,98.8879943958998,31.66808822017089,2
0.0,0.0,0.0,0.0,0.0,0.0,0
-11.039562487007265,-14.65632652134515,-12.325615670588766,-28.3226391768453,6.750480663411042,-21.10870719912238,1
28.27071685983753,-2.7829150014798247,6.119306150863223,-24.19111353090865,-39.58358305320832,-41.271903425224245,2
0.0,0.0,0.0,0.0,0.0,0.0,0
-14.1656565818205,9.75755668904389,4.315298792862672,-55.93733728544947,-56.540127696246365,-56.63249762191995,1
1.67590939867188,-17.17706600190248,-10.471472742634322,-38.31984365653399,-52.023894724241885,-45.95524865600986,2
0.0,0.0,0.0,0.0,0.0,0.0,0
-2.8534670786216347,-8.09853971923118,-8.52659812052648,-38.576358420208265,-25.84611271940635,-35.710821507429515,1
2.3397585599019144,-11.93852878452923,-11.715483729376096,-41.515388975522455,-44.13107199336274,-47.73979041383547,2
0.0,0.0,0.0,0.0,0.0,0.0,0
4.963727857489516,17.04415079855076,1.828602268401954,10.541810403260593,4.038404089183001,10.020986891661586,1
20.149977587165026,15.312275845704642,12.410102557192422,35.599419656972024,8.029669881009363,18.28122915917458,2
0.0,0.0,0.0,0.0,0.0,0.0,0
-7.728504337236902,-6.695396459721012,0.6825710387931369,21.66189150441156,7.453642128837848,25.705835393704096,1
-5.582922039003928,-12.714038749666598,-4.15899124604359,6.262466945391478,0.3224749102454424,0.4938607896798828,2
0.0,0.0,0.0,0.0,0.0,0.0,0
-3.211445258654977,3.2768992284708074,-7.2012377622446335,7.136844513051743,6.2931167977912175,11.504767986875104,1
4.294254241742758,-8.982353749904986,-6.056676899145828,-0.7805671239495078,-7.336268015161263,-5.667659701045448,2
0.0,0.0,0.0,0.0,0.0,0.0,0
10.229290486355575,23.565856407524915,17.026737339097213,-12.108334512049144,13.206437436193664,2.1163397924510594,1
6.97993203687591,-9.654348105783583,0.7201688959933609,-19.38044158894837,-8.398698878543579,-19.154177188763143,2
0.0,0.0,0.0,0.0,0.0,0.0,0
5.298556209356638,32.3110847617082,19.706573089748822,-12.990344459199948,1.002609554570496,-14.806670644834014,1
7.046154003042701,13.278014979265082,6.0653860104600135,-8.127453711847341,7.952761983543735,-5.090638513878373,2
0.0,0.0,0.0,0.0,0.0,0.0,0
20.3333048882618,18.376925265496915,7.883149392745575,3.2220901817034457,-10.611622768448154,3.866150845737097,1
4.804476580101685,6.137871376902782,-3.931637152301579,5.944751578883368,2.767377079476689,4.031244120775542,2
0.0,0.0,0.0,0.0,0.0,0.0,0
-25.763786342795846,-5.107029842086539,-4.724598875065078,-74.1694700434413,-18.01690394966685,-26.31752323608722,1
6.792031338347752,2.1069019308435624,18.17018742077731,-16.49020856739876,-22.03486117134964,-7.818143067455504,2
0.0,0.0,0.0,0.0,0.0,0.0,0
-20.220899941760347,-8.10276572320148,-14.6549623020142,-57.42816685074772,43.76654855959672,-20.92868521800519,1
25.012813685514256,-6.99622416414625,2.128929999039336,75.6769974918924,36.478161515637936,34.893587847224815,2
0.0,0.0,0.0,0.0,0.0,0.0,0
-14.59158688496589,-3.3474174651444666,4.752612673165156,-60.03074973682481,-17.903555195175606,-7.320746921294363,1
6.231596060108627,-10.691905820968213,-1.107609396784084,5.508396467011423,7.00524670446123,13.138477730748829,2
0.0,0.0,0.0,0.0,0.0,0.0,0
-23.57316508842228,-23.664122501149105,-22.853182387793662,-9.44218447466046,17.701428511523215,7.434437722183413,1
-11.33405559087659,-11.790329585237096,-10.413286312980706,4.029673026976751,-2.684600273742231,0.1136430970033786,2
0.0,0.0,0.0,0.0,0.0,0.0,0
-9.66547579848115,-9.360795180823157,-12.738388259927522,-18.52630312665414,-13.673638755450366,-21.998376291789324,1
-0.8766908474239782,-1.5753233032271383,-2.9339051626998955,17.682053871323543,1.4345159934173397,11.264858577062975,2
0.0,0.0,0.0,0.0,0.0,0.0,0
-2.0084345297529205,-1.4614769168050514,-8.923288960683166,96.88831757324247,73.43110573963891,93.23057133734186,1
-9.057246433520268,-25.844256282321226,-22.46066747312601,5.747121560983483,21.442057809904963,13.135415517423862,2
0.0,0.0,0.0,0.0,0.0,0.0,0
-12.575007605810455,-17.129571695341866,-3.366874422267021,-39.19496621167509,-23.502638307490137,-35.264999418981056,1
28.84702038722044,11.625386151866188,10.26982020419444,-15.64797872752574,-16.040418983615652,-22.42598615432744,2
0.0,0.0,0.0,0.0,0.0,0.0,0
-0.2336091996514825,-15.074554917980818,-18.039714729627764,-22.9065259212454,-18.08553514095536,-15.33304489788276,1
5.7967043435892975,-22.21249221928768,-30.837988720841352,39.49196634572705,10.451497239196248,20.079820600640083,2
0.0,0.0,0.0,0.0,0.0,0.0,0
5.149504573205544,1.7698327962843252,-6.453798264929042,4.850860791776888,5.67586431582958,8.520487010271014,1
-14.462942287557295,-21.97001949711455,-22.52415581860156,-24.39981074514572,-30.17078421852461,-34.28961627186187,2
0.0,0.0,0.0,0.0,0.0,0.0,0
-18.247437569919303,-17.817730513679248,-20.82360143795883,-77.05644347837219,-58.37471489048215,-75.16994877228407,1
11.4998309112534,-4.284687889640029,-9.429438339659486,-66.24013713530108,-48.60139820252904,-60.035175941915874,2
0.0,0.0,0.0,0.0,0.0,0.0,0
18.669283017227208,7.201309501106995,22.007277643367416,21.462567932258,5.438168459359076,7.1138674268522415,1
1.015492000943517,-5.769464807523853,12.701685262615378,0.4595535843991436,-26.309558961562114,-20.8290526961018,2
0.0,0.0,0.0,0.0,0.0,0.0,0
8.495024393041543,14.438949579246245,3.5185295792802447,-17.67762774891736,-11.140290540368207,-14.954104840572748,1
9.067212046073507,0.919786951363595,3.2070071335472794,-9.01267429372436,-12.649152414282035,-14.5671429025193,2
0.0,0.0,0.0,0.0,0.0,0.0,0
10.79503108416349,24.047026349068528,7.30145889618248,-14.82727970648146,-18.5020901344586,-18.07713799170171,1
-4.010525094792275,-5.905767088596572,-6.4529424558290085,-0.0018444326292934,-11.804531447516652,1.3504212691778328,2
0.0,0.0,0.0,0.0,0.0,0.0,0
-12.882204098009364,-21.75659673891856,-20.74476867644992,-5.206397246326159,-11.608433144353572,-12.29249103922252,1
-19.637912131232,-26.69274021207741,-22.13097544851269,41.62479920094143,16.85585791197723,34.811745240118505,2
0.0,0.0,0.0,0.0,0.0,0.0,0
32.96589492630358,20.946601012256867,19.342066719273035,-41.771476367117785,-38.78147374825198,-43.20943890377363,1
21.53896665930694,26.07903165601776,16.078621716439425,-34.39987868316247,-22.056539384526,-29.48305500822523,2
0.0,0.0,0.0,0.0,0.0,0.0,0
-19.5452933712605,-19.11261124528894,-6.696911920852802,-14.166066239953972,-24.9126269792733,-0.8149143155283373,1
-31.957136533284192,-29.78810948501931,-28.11941771319771,4.465104970807038,-24.999328220810565,-8.422639607970504,2
0.0,0.0,0.0,0.0,0.0,0.0,0
-17.630152548007786,-13.32468122849816,-1.5360353796205164,-10.070132036744376,-4.093517763811618,12.529551288525017,1
-19.416276984828205,-16.120742194955458,-14.532624339888208,-23.71623814385961,-10.7511457425178,-5.233910510233031,2
0.0,0.0,0.0,0.0,0.0,0.0,0
-6.582759411152652,2.112122794732727,-5.606906345822456,6.892833957431331,-8.18627180906485,8.00371209362857,1
-15.353210323771115,-18.45494524136413,-17.273856248498838,4.664181763883059,-18.190288670036782,-6.735750424051239,2
0.0,0.0,0.0,0.0,0.0,0.0,0
-33.1299401118407,-32.773961077406085,-38.87601712331954,-56.44476533885039,-63.58052332498572,-60.83142912803196,1
-19.40476617330752,-6.002277131141968,-12.51847952854746,-37.08202409360135,-37.454985361554826,-37.09040633220547,2
0.0,0.0,0.0,0.0,0.0,0.0,0
-10.724034820807416,-17.667575241067013,-13.842400335304244,-21.80570256431768,11.16174983860164,1.140285910300589,1
-12.375952132713172,70.99053828871507,-0.3799237002869151,-41.46641029107992,-25.34420629126292,-41.68445511146604,2
0.0,0.0,0.0,0.0,0.0,0.0,0
13.046524878768444,24.08035229691071,11.54234627411752,-4.751030091233698,-26.98942301953092,-24.763217457886565,1
29.2624489043943,18.268463683396305,31.591412949754243,12.264419539204583,-4.834433598153225,-8.345698873494023,2
0.0,0.0,0.0,0.0,0.0,0.0,0
-26.821818626071043,-18.833564164909003,-21.00638005772127,-40.36309602885135,-26.141859166190144,-31.613074627997424,1
-8.946073450302308,5.504764888148911,8.000063779588771,-4.944736067567082,-9.63750363265997,-13.820972323865677,2
0.0,0.0,0.0,0.0,0.0,0.0,0
8.9526037495829,28.287421159174382,2.623523440219264,-14.940423433110844,9.956859263509742,-6.417903703989547,1
15.430665998339494,11.89669750017179,13.19977280116815,-3.005917461485023,8.389177704471916,-4.89663939119886,2
0.0,0.0,0.0,0.0,0.0,0.0,0
21.515626173296496,6.687676182214311,16.75638618665662,-2.298966948034564,-16.98957011184801,-5.089863979154037,1
13.37624931754264,-7.437231030958183,28.57386750344835,-10.5992097023448,-20.53495797351041,-4.209003656114063,2
0.0,0.0,0.0,0.0,0.0,0.0,0
-21.53358691940812,-18.77006815886772,-23.193394201771667,2.804284046271695,-3.0982302700609816,-1.6773203417061182,1
-16.197480735179838,-18.95300721551005,-16.696089176537008,34.036395187557424,15.585959252855456,22.57958762697001,2
0.0,0.0,0.0,0.0,0.0,0.0,0
7.666089112085932,1.4422489619588534,-0.8571271400116144,24.095740723098466,14.419812627021718,43.25645406954261,1
3.889916173022817,5.245499634965428,4.010245203266136,22.355801025277493,25.437250667146632,36.65636279411764,2
0.0,0.0,0.0,0.0,0.0,0.0,0
-15.084098197210036,-12.248095236267345,-11.351682329214784,43.52450921946126,53.0687758233273,35.77984930669776,1
-3.142973967533446,-9.894233691598076,-7.486133046309469,6.956270185572711,-13.719494516661388,-10.726526226108955,2
0.0,0.0,0.0,0.0,0.0,0.0,0
-12.75027084313044,-22.170131016880514,-14.68401750174048,7.307381551322717,1.3911133069148838,10.229519401697562,1
-4.341575180708728,-19.5301431354176,-9.607468061160535,9.845473580955366,2.4275362286928086,0.9081347095739948,2
0.0,0.0,0.0,0.0,0.0,0.0,0
-6.146435066427324,-0.359820557366364,-6.790464402901393,27.276577573061395,-8.240884197022844,8.122978746366885,1
-10.162336872156487,-8.744767076069252,-7.423001285346649,21.286813417414724,-10.295144741402032,-0.4059582374485787,2
0.0,0.0,0.0,0.0,0.0,0.0,0
-23.712871364466185,-15.654235116711252,-21.28121512212157,-18.392865193377386,12.685167079753116,-1.3884032508042428,1
-16.84682757996148,-23.2749532832539,-20.546903177219072,22.37601381286888,-3.320494621720517,10.505090357768117,2
0.0,0.0,0.0,0.0,0.0,0.0,0
-4.725914970078195,14.684381458265284,-4.743899308441042,-7.769544333807358,-6.138745126781663,-7.420899091875777,1
-2.883218732687788,1.6465958880568736,-3.530817728540669,-24.953875495516872,-25.89990325100078,-24.83415471933232,2
0.0,0.0,0.0,0.0,0.0,0.0,0
-14.593763734898882,-6.031566708560489,-14.737896144073614,-5.5208425768001685,14.62078206191752,-5.459306526173818,1
-14.70764734023838,-6.698490040589469,-15.054109386762798,-17.733987924815057,-13.678720941965992,-18.196853238478926,2
0.0,0.0,0.0,0.0,0.0,0.0,0
-9.11442339621467,-3.754149511038887,-8.917891480900211,-10.019909518455492,-18.39096621708751,-9.73449444734876,1
-7.322692052450382,-7.922734964916167,-7.472567743228282,20.571861090024363,9.958513118930211,20.023016366438284,2
0.0,0.0,0.0,0.0,0.0,0.0,0
27.287291080050363,14.52325685467506,30.90326756151275,16.81161737849505,10.76567041250543,17.88884488875033,1
31.6407560005471,35.626780368780395,22.84779960003717,21.841996026030927,8.25746753389525,23.63293273677125,2
0.0,0.0,0.0,0.0,0.0,0.0,0
-21.99352231721267,6.25705009372038,-3.286171556125397,7.20493896051876,-21.745256203658485,-3.817473222234661,1
-17.420530628819197,-18.57687629216011,-12.407869634236556,-18.312856947030284,-21.224391212612524,-16.974441749636107,2
0.0,0.0,0.0,0.0,0.0,0.0,0
9.466842181791629,1.8398987958552568,5.228616985449658,-5.545491778681129,4.481161176300984,11.885724417883232,1
-0.4989665031083459,-8.657219274751982,-9.387644070014138,-13.003304950163312,-17.01213274008738,0.8291688998766736,2
0.0,0.0,0.0,0.0,0.0,0.0,0
-23.752015102609143,-17.61686427268179,-24.408179154663408,-11.953119428105667,-17.138502544857076,-5.509082474666148,1
3.7098818807401006,-7.117434847466949,-5.3829176431168415,-27.83012108189311,-37.46543596697662,-27.69304961206356,2
0.0,0.0,0.0,0.0,0.0,0.0,0
-27.79060768521793,-38.354913368657954,-49.69130549723146,-39.92902797243099,-41.76407251938136,-46.84850546347748,1
-10.733135129358365,-26.179025025338227,-33.58292882787065,-13.199901340565129,-30.16025170608752,-28.85515302643504,2
0.0,0.0,0.0,0.0,0.0,0.0,0
23.74051490276465,21.344957377190934,3.627783806334532,-3.9745071873336433,-6.274589630678326,-11.382341148607177,1
8.038159088971206,-28.390576949136506,-27.12934930918848,-28.25450089932451,-27.25905199347552,-36.774749657574105,2
0.0,0.0,0.0,0.0,0.0,0.0,0
-14.638713844658714,-16.184223720802063,-12.795478084484865,-46.05909768575886,-44.78480972325608,-61.712606884509945,1
28.24827431523066,-8.591979084619878,1.7290119932969634,28.839800261963948,-47.207065314623634,-34.01728292216351,2
0.0,0.0,0.0,0.0,0.0,0.0,0
26.67988429180097,7.87930701985574,13.86382916179349,5.349597473268712,20.10535194676212,29.632342845718146,1
16.652049375286474,2.548044985689112,-4.424256430497171,56.21673007102073,-9.019876197984075,17.36531029838032,2
0.0,0.0,0.0,0.0,0.0,0.0,0
-7.18896143374267,-0.9365651084985738,5.46382254034646,3.7966513894587695,-22.239904190759404,-20.60779697543576,1
12.77049914900346,-6.969658757517229,5.821832123995354,2.0699156948681385,-20.1850989747198,-28.148142377113004,2
0.0,0.0,0.0,0.0,0.0,0.0,0
2.843172029016647,23.37636523860605,0.7749440923653345,-26.693825951676768,135.74391055293117,38.21633120814168,1
29.559054568135235,12.709546607849605,12.560407269545856,35.2815486008509,74.59198797029336,82.09869112047615,2
0.0,0.0,0.0,0.0,0.0,0.0,0
-6.203697671257817,12.49196102943166,1.1087341178364378,-8.242790227110913,0.2812177014261786,26.951927025258687,1
2.085673748242852,-1.1315941643428755,9.254970810136856,34.52468729838134,-35.78413307629874,2.3823025489167886,2
0.0,0.0,0.0,0.0,0.0,0.0,0
-13.003577124429574,8.297366092021772,-24.3210269357442,-36.26031772575589,-12.542358090777476,0.9116652850441708,1
5.52765108890017,1.624385297278829,-7.42518250372442,5.7356401856552806,1.0381384624317207,75.14956671210912,2
0.0,0.0,0.0,0.0,0.0,0.0,0
-19.52669224342685,-17.854073657713872,-15.77870460995006,3.302725918548827,9.026916007527314,8.454163380300345,1
-4.390559781228689,-11.542151044741528,-8.456937397894533,-19.91334798886392,-14.582964284053707,-15.42955032389322,2
0.0,0.0,0.0,0.0,0.0,0.0,0
303.5370974499874,240.25374090337343,148.191726481545,41.71268488024634,31.948034690362988,46.7445337570168,1
22.189754127210648,27.599603307626342,26.2216855844252,78.90675301907926,68.81975889493303,89.53730484733019,2
0.0,0.0,0.0,0.0,0.0,0.0,0
-2.992336307104108,-3.2412971527843872,-8.361558918670188,16.95667036165372,11.349161496612924,10.389371725253897,1
-18.05926235499556,-11.38552031472764,-15.029715326043895,7.687211784473432,12.239162228899293,6.023768122186174,2
0.0,0.0,0.0,0.0,0.0,0.0,0
24.3825343326404,34.99489027810087,17.69176200091209,2.05306243979918,7.97696920548425,8.11622198849198,1
13.367735069225803,11.73106623256469,6.412840991610644,13.027795632986804,-20.311287388851632,7.25580266577191,2
0.0,0.0,0.0,0.0,0.0,0.0,0
0.7189058213377812,-12.395698489271172,-7.088339956483004,-17.576845848743876,-26.02087264735392,-26.45757068825712,1
-8.460412047547381,-14.607617883401492,-18.71731046683696,-29.973596896362864,-45.54339629976687,-37.071299586275536,2
0.0,0.0,0.0,0.0,0.0,0.0,0
-5.172369736335276,-3.664689378980845,1.3414639596220976,-4.228978926485243,-3.9039521389039153,-1.3344232002211756,1
20.67759511401791,-16.911058724701704,11.707435114596477,19.20404752669783,-14.67375352969269,-0.9967463312507416,2
0.0,0.0,0.0,0.0,0.0,0.0,0
-29.1097172821722,-12.840762077593816,-17.54819386182426,31.2756857952896,2.231969136017441,14.259010109430756,1
-12.836379829788545,1.172583685132913,-6.001057975847971,62.63838076158146,22.870313121365207,54.77188119991301,2
0.0,0.0,0.0,0.0,0.0,0.0,0
-0.7588437197490332,-11.058796946290904,-5.749191899729518,42.43716052380614,51.61784941004457,38.000556115468015,1
-5.489494385909033,-15.279602936965262,-8.961928798014181,36.5742153802061,25.3579340052881,16.0411335243657,2
0.0,0.0,0.0,0.0,0.0,0.0,0
70.75129281463084,16.81326078218309,34.87455862428972,23.23770847548296,9.482498286560938,14.991838071280007,1
-9.407220899596034,-5.435180665872888,-7.76129875373697,34.31641163941176,38.69723108372516,40.90464085461527,2
0.0,0.0,0.0,0.0,0.0,0.0,0
-22.60419854011015,-24.007245912250337,-24.22871479591864,3.5311036516858616,2.966563720364688,10.916088785833251,1
-5.934365024374112,-8.258532938537613,-10.680283036212671,11.539334620173406,-0.900781140689483,1.4170503413494897,2
0.0,0.0,0.0,0.0,0.0,0.0,0
-1.7510171506826873,-9.730654769034835,-15.855265185088635,1.998820504138323,8.03924236512077,6.571507719470819,1
-17.320740942458816,-13.157110800112465,-16.888610889717924,46.342205571595485,28.147068398744302,42.07362831570185,2
0.0,0.0,0.0,0.0,0.0,0.0,0
-24.21768495303369,-30.673364904593964,-32.917046424947,-4.978058844775552,-11.743631398615264,-9.290861111184451,1
-5.385762087821989,-0.7760189861323907,-0.9621769717347008,-3.7003072181779575,2.173161311294955,-2.524178350327728,2
0.0,0.0,0.0,0.0,0.0,0.0,0
-2.009385494959723,-9.652282601210429,-0.6562908283869232,-27.46955945100104,-28.057775506954343,-36.04971872067553,1
11.54454099275454,1.6454890011811265,6.300935895975825,-27.7922201990962,-31.4499157380093,-34.75951164444172,2
0.0,0.0,0.0,0.0,0.0,0.0,0
0.4275825108853678,-0.1703325498502433,-1.4220083321930144,-14.711784563412651,-26.430882075034656,-24.062407993307254,1
7.269467623263499,-3.3055193195391244,10.688856097493208,46.43526917093448,39.43559392338285,51.95903356873175,2
0.0,0.0,0.0,0.0,0.0,0.0,0
-13.400385935621168,-20.694663013714194,-18.52198006756,-37.59545195651704,-37.03725873086176,-42.91349210943528,1
2.970416980452704,-11.580338328921377,-4.758738467738071,-29.365566056200045,-7.445375307146766,-16.248424014001486,2
0.0,0.0,0.0,0.0,0.0,0.0,0
-0.975916434782012,6.60637185775154,13.421418220859206,-19.13248599135816,-4.467167485696548,-16.256001764720345,1
-21.86228533334744,-11.403907660592282,-10.464291057958372,-25.1558815248987,-10.701881639059271,-18.43327615914548,2
0.0,0.0,0.0,0.0,0.0,0.0,0
-17.185427298544617,-4.052616275027604,-9.857522307082068,-3.0406352284249407,-1.3876810938104789,5.671815032489745,1
-3.497057116994727,1.074279170620782,1.7661500969454895,12.335340179891649,-5.745201029224693,14.12392602884932,2
0.0,0.0,0.0,0.0,0.0,0.0,0
-6.922142560694749,-16.885984473391908,-12.84907271854838,-8.854326566105058,-4.781072629604822,-8.066850116518408,1
13.562323886029242,-8.688407361788986,-3.1374925934198257,-4.871096506875876,-13.310577683438805,-7.280796099576313,2
0.0,0.0,0.0,0.0,0.0,0.0,0
-21.779802592231945,-13.760142969347497,-26.16782725383809,25.678569512848888,2.918302639980742,18.128134034262057,1
-16.33459606443569,-10.689603165466048,-20.415130970607823,-8.617911872890621,-39.86334513952525,-24.271632315019424,2
0.0,0.0,0.0,0.0,0.0,0.0,0
3.832549371303009,1.855653821773693,-0.0199961160128445,-11.02441546556766,-13.199670976770678,-15.609970662865734,1
1.6736804377144026,-3.2193552307499846,-2.8352776307254755,-18.62066156624681,-28.399569442592863,-26.490020237221763,2
0.0,0.0,0.0,0.0,0.0,0.0,0
-12.35884757421106,-0.6171198436884181,-1.5476274802678391,-37.338460676867086,-41.42987208721107,-42.6118514326915,1
0.2339640458912879,5.009343888018944,0.5797613627892001,-13.255305227231972,-12.937507832547809,-3.640135502655952,2
0.0,0.0,0.0,0.0,0.0,0.0,0
-5.833954990280691,-10.28285082125512,-1.7548298268652622,-47.08771764812968,-49.52723586665212,-61.62671371499941,1
0.0670150800526085,-9.18551465707719,-6.045438175951452,-50.10335897964043,-29.63243500292588,-50.409323073384826,2
0.0,0.0,0.0,0.0,0.0,0.0,0
-20.52047509179003,-3.976516197379924,-16.7170735190437,-46.10899617565673,-23.92523118550278,-43.283688176869504,1
-14.33336152547407,-0.5303477456347248,-11.436020205843633,-18.98620965668958,2.8779516432674286,-6.124499898821403,2
0.0,0.0,0.0,0.0,0.0,0.0,0
-15.920493996351835,-18.51739943622241,-16.126272664208102,-6.720358242085917,-22.217936047933225,-29.141350960031964,1
-6.913520083616717,-17.308814529426783,-19.2100947608453,-11.218287968176966,-57.04252737369887,-59.23942180192593,2
0.0,0.0,0.0,0.0,0.0,0.0,0
-25.52268528984172,-22.74743258691051,-27.74511591096776,-62.30295036869131,-70.82404668533971,-65.28236920085038,1
8.686274849866294,-11.643539529205892,-6.4235441487070135,-30.794471279798657,-35.198821402988344,-52.00500927260671,2
0.0,0.0,0.0,0.0,0.0,0.0,0
-5.372215946732138,-11.20999376029829,-10.742168268828785,-27.101197567233022,-2.751037891100118,-4.935039913843712,1
7.185424408616579,-1.4610824523408892,14.411376796585545,23.31025780662892,15.31890595832574,31.91973733742664,2
0.0,0.0,0.0,0.0,0.0,0.0,0
17.070524670290954,19.8058541341193,25.96937559780768,59.69177932018316,80.37748772448666,58.53750740371007,1
25.567640217442083,18.11916443786659,22.99532546327644,16.012290098213388,-18.98254524684747,-21.35875642483339,2
0.0,0.0,0.0,0.0,0.0,0.0,0
6.826761263578531,6.099816532174036,20.56607477704629,-44.07421922870595,-9.119214731089594,-25.39687835465709,1
49.2337983530916,8.911552548066302,32.27204767823195,-18.5615923376584,-29.885656470483625,-38.3939516277149,2
0.0,0.0,0.0,0.0,0.0,0.0,0
-15.52544554807939,14.70365830768602,1.0177400822827338,-8.491433704071408,21.167786860212644,1.833076166762617,1
15.619990076786957,-1.0670109475295408,2.696513302948893,-1.2818267253571591,24.176229908584737,17.683811490678337,2
0.0,0.0,0.0,0.0,0.0,0.0,0
16.93660126694886,35.813627764280795,48.77510072494803,-1.3869430073369855,41.71811635746545,57.91396579014424,1
36.56652026841959,20.75245121564067,35.84478248556175,19.91549015202472,3.2624973286304466,10.078123382862858,2
0.0,0.0,0.0,0.0,0.0,0.0,0
-1.5916277317993035,-0.2456871181544176,2.062166247447484,10.6406497064459,25.58297728943856,26.356718552840587,1
-4.216957374122303,1.6909632728773545,-6.186295569113066,-2.2835917408773496,21.017695313123166,15.129526652120228,2
0.0,0.0,0.0,0.0,0.0,0.0,0
-15.839991903578037,-6.180666048660073,-1.7570463251294834,12.518716685293334,13.767334332171444,19.449470022323272,1
-13.394315622785074,-3.323106018584522,-12.061641804320244,-6.470366682002552,-10.3863879485349,-3.4986204885924925,2
0.0,0.0,0.0,0.0,0.0,0.0,0
-0.0288770922237361,2.038907040829694,-11.94840211306261,-4.056295197098625,-8.855532882532305,1.0423523230574951,1
23.309567498733088,19.687301663745288,6.093753832706388,25.95547372229709,21.010444796412024,11.926056694831328,2
0.0,0.0,0.0,0.0,0.0,0.0,0
39.58625758380459,70.1199351976226,58.471277326370064,41.920866947100464,22.033581042227627,33.245537771712435,1
-25.24449036584746,-5.095182937724637,2.081670089616501,28.32073814383293,5.363593912417313,37.700709270941424,2
0.0,0.0,0.0,0.0,0.0,0.0,0
-13.206653431284062,-10.469469236054078,-11.066185848758844,-26.397532061309125,-2.6996747272385693,13.183323659091714,1
-13.590782325162255,-7.510203518528087,-13.6803076654911,-11.208380464506966,21.252523663050884,23.959134841936013,2
0.0,0.0,0.0,0.0,0.0,0.0,0
-8.283308613101042,-19.413970109610176,-11.573657583508869,-14.131306552118096,-13.567805439288623,-8.154641756897666,1
22.73986069524048,9.376090974901482,9.923512859544292,-21.18026191475923,6.064787388589246,-14.166075859562616,2
0.0,0.0,0.0,0.0,0.0,0.0,0
-0.9869587904071028,-10.744211728886704,-9.370958831083078,-7.611458474252878,12.08006405336519,6.5650470871979225,1
38.084095374260805,-2.875182038211133,10.921188201944345,35.63293560800006,47.86897299970174,31.269208002994908,2
0.0,0.0,0.0,0.0,0.0,0.0,0
35.3060274819949,14.942141552485122,31.468954141425563,45.51216646382337,46.24859969140851,76.09897673560783,1
42.6477343930744,10.48151976422264,43.214921904445816,68.75411140977634,33.305986490260935,74.27709630848825,2
0.0,0.0,0.0,0.0,0.0,0.0,0
29.53431055604714,23.376195445054176,29.61137962013014,19.95079862927449,18.54504807069408,20.174429514076262,1
44.78574115299321,28.73596371409369,46.68857641931322,55.20816516157364,44.00869855281572,69.98776231058466,2
0.0,0.0,0.0,0.0,0.0,0.0,0
-11.424925624791191,-30.08278685635145,-20.458146111682776,53.58637164702378,26.945854805228752,62.768940109273565,1
-16.447061660267245,-14.434253299623078,-14.642937016227114,-22.22044042497196,-25.76796337711543,-21.752596989032167,2
0.0,0.0,0.0,0.0,0.0,0.0,0
-14.009415026421664,-11.741131323210768,-14.364885585656392,-39.25329147191143,-36.81055578132483,-43.91455665757883,1
16.512647748215425,2.000515340365673,9.492942276602763,-23.492630154619395,-14.658517199251111,-24.043857638358816,2
0.0,0.0,0.0,0.0,0.0,0.0,0
-12.098037039169313,-17.067458976726247,-11.289001778315336,-31.513407556870565,-23.72138713620611,-17.836094368492603,1
-4.015799322126159,-10.20552007485834,-8.441744152190404,-64.98623255061756,-43.14982100143281,-60.605906515379225,2
0.0,0.0,0.0,0.0,0.0,0.0,0
-7.201311847472566,12.128969113828848,1.7265511633557753,-21.188249232931728,3.967593410039206,-10.382048587894994,1
-2.672504179388006,1.152823243828544,0.1421400926113683,-5.626132283608721,30.957315114088708,7.532803702934812,2
0.0,0.0,0.0,0.0,0.0,0.0,0
-11.278051015282976,-9.54293523425714,-6.141380713010233,39.57161097519173,45.16754437869297,43.10616169406912,1
-16.698615859821032,-13.730898746160287,-11.004769272354716,9.788306734373924,26.71134163440015,30.0158437373418,2
0.0,0.0,0.0,0.0,0.0,0.0,0
4.627077846434832,12.354484166294103,4.996675986852408,2.43276855690236,-7.477404040713734,-9.522672137747207,1
5.928948848435462,7.869570308426501,1.5083467453317951,-13.649532177254722,-4.347245745103468,-16.507884053044712,2
